season,league,date,time,status,home_name,away_name,odds_ft_1,odds_ft_x,odds_ft_2,odds_ft_over25,odds_ft_under25,odds_btts_yes,odds_btts_no,homeGoalCount,awayGoalCount
2023/2024,Bulgaria First League,2023-07-14,12:45:00,complete,OFK Pirin,Beroe,2.3,2.9,3.0,2.2,1.53,1.91,1.8,1,2
2023/2024,Bulgaria First League,2023-07-14,15:00:00,complete,Levski Krumovgrad,Ludogorets,10.4,5.0,1.2,1.6,1.98,2.25,1.57,3,1
2023/2024,Bulgaria First League,2023-07-15,12:45:00,complete,Levski Sofia,CSKA 1948 Sofia,2.34,3.14,3.25,2.45,1.5,2.1,1.67,1,2
2023/2024,Bulgaria First League,2023-07-15,15:00:00,complete,Arda,Cherno More,2.6,2.88,2.63,2.27,1.56,2.0,1.73,3,3
2023/2024,Bulgaria First League,2023-07-16,12:30:00,complete,Lokomotiv Plovdiv,Botev Plovdiv,2.42,3.1,2.61,2.25,1.53,1.91,1.8,1,1
2023/2024,Bulgaria First League,2023-07-16,15:00:00,complete,Hebar 1918,CSKA Sofia,11.0,5.5,1.18,1.85,1.85,2.5,1.5,0,0
2023/2024,Bulgaria First League,2023-07-17,12:30:00,complete,Lokomotiv Sofia 1929,Botev Vratsa,1.93,3.05,3.55,2.07,1.55,1.83,1.83,1,0
2023/2024,Bulgaria First League,2023-07-17,14:45:00,complete,Etar,Slavia Sofia,3.82,3.3,2.03,2.25,1.53,2.0,1.73,0,1
2023/2024,Bulgaria First League,2023-07-21,13:00:00,complete,CSKA 1948 Sofia,OFK Pirin,1.21,6.25,14.0,1.64,2.18,2.75,1.4,3,0
2023/2024,Bulgaria First League,2023-07-21,15:15:00,complete,CSKA Sofia,Levski Krumovgrad,1.25,5.5,10.5,1.63,1.94,2.3,1.53,1,0
2023/2024,Bulgaria First League,2023-07-22,13:15:00,complete,Botev Plovdiv,Levski Sofia,3.6,3.2,2.04,2.12,1.64,1.92,1.82,1,3
2023/2024,Bulgaria First League,2023-07-22,15:30:00,complete,Ludogorets,Etar,1.08,7.3,18.0,1.54,2.08,3.5,1.29,5,0
2023/2024,Bulgaria First League,2023-07-23,13:00:00,complete,Cherno More,Hebar 1918,1.8,3.5,3.79,1.9,1.8,1.91,1.8,1,0
2023/2024,Bulgaria First League,2023-07-23,15:15:00,complete,Lokomotiv Sofia 1929,Lokomotiv Plovdiv,2.9,2.9,2.3,2.2,1.57,1.91,1.83,2,4
2023/2024,Bulgaria First League,2023-07-24,13:00:00,complete,Botev Vratsa,Slavia Sofia,3.58,3.2,1.95,2.03,1.7,1.87,1.87,2,0
2023/2024,Bulgaria First League,2023-07-24,15:15:00,complete,Beroe,Arda,3.8,3.2,1.9,2.16,1.65,1.87,1.87,1,0
2023/2024,Bulgaria First League,2023-07-28,15:15:00,complete,Levski Krumovgrad,Cherno More,4.2,3.5,1.7,1.93,1.93,1.81,1.93,1,3
2023/2024,Bulgaria First League,2023-07-29,13:00:00,complete,Hebar 1918,Beroe,2.2,3.15,3.05,2.02,1.58,1.95,1.8,1,0
2023/2024,Bulgaria First League,2023-07-29,15:15:00,complete,OFK Pirin,Botev Plovdiv,3.2,3.25,2.08,1.91,1.65,1.91,1.83,0,0
2023/2024,Bulgaria First League,2023-07-30,15:15:00,complete,Levski Sofia,Lokomotiv Sofia 1929,1.22,5.84,10.53,1.77,1.98,2.38,1.53,6,0
2023/2024,Bulgaria First League,2023-07-31,15:15:00,complete,Lokomotiv Plovdiv,Botev Vratsa,1.42,3.9,6.4,1.95,1.75,2.2,1.62,4,0
2023/2024,Bulgaria First League,2023-08-04,13:00:00,complete,Cherno More,Etar,1.44,4.1,5.5,1.78,2.0,2.0,1.77,2,1
2023/2024,Bulgaria First League,2023-08-04,15:15:00,complete,Botev Plovdiv,Arda,2.2,3.3,2.74,1.78,2.0,1.77,2.0,0,2
2023/2024,Bulgaria First League,2023-08-05,13:00:00,complete,Botev Vratsa,Ludogorets,7.14,5.61,1.22,1.55,2.3,1.91,1.8,0,5
2023/2024,Bulgaria First League,2023-08-05,15:15:00,complete,Lokomotiv Sofia 1929,OFK Pirin,1.85,3.4,4.15,2.02,1.72,1.91,1.8,2,0
2023/2024,Bulgaria First League,2023-08-06,12:45:00,complete,CSKA Sofia,Slavia Sofia,1.33,4.5,8.0,1.98,1.78,2.1,1.67,1,1
2023/2024,Bulgaria First League,2023-08-06,15:15:00,complete,Lokomotiv Plovdiv,Levski Sofia,3.5,3.0,2.1,2.23,1.6,1.8,1.91,2,1
2023/2024,Bulgaria First League,2023-08-07,13:00:00,complete,CSKA 1948 Sofia,Hebar 1918,1.28,5.0,8.08,1.85,1.85,2.38,1.53,1,1
2023/2024,Bulgaria First League,2023-08-07,15:15:00,complete,Beroe,Levski Krumovgrad,2.2,3.2,2.96,2.02,1.71,1.91,1.8,2,0
2023/2024,Bulgaria First League,2023-08-11,13:00:00,complete,Arda,Lokomotiv Sofia 1929,1.45,4.33,6.5,1.73,2.03,1.91,1.85,1,0
2023/2024,Bulgaria First League,2023-08-11,15:15:00,complete,OFK Pirin,Lokomotiv Plovdiv,4.5,3.3,1.8,2.25,1.6,2.06,1.73,0,1
2023/2024,Bulgaria First League,2023-08-12,13:00:00,complete,Hebar 1918,Botev Plovdiv,3.65,3.35,1.97,2.03,1.57,1.91,1.85,1,0
2023/2024,Bulgaria First League,2023-08-12,15:15:00,complete,Slavia Sofia,Cherno More,2.71,2.96,2.42,2.55,1.45,2.05,1.73,1,5
2023/2024,Bulgaria First League,2023-08-13,12:45:00,complete,Levski Sofia,Botev Vratsa,1.19,5.9,9.2,1.61,2.15,2.43,1.52,1,0
2023/2024,Bulgaria First League,2023-08-13,15:15:00,complete,Ludogorets,CSKA Sofia,1.72,3.5,3.95,1.95,1.7,1.98,1.77,3,0
2023/2024,Bulgaria First League,2023-08-14,13:00:00,complete,Etar,Beroe,2.53,3.02,2.53,2.3,1.5,2.01,1.75,2,2
2023/2024,Bulgaria First League,2023-08-14,15:15:00,complete,Levski Krumovgrad,CSKA 1948 Sofia,4.52,3.69,1.59,1.84,1.94,1.84,1.9,1,0
2023/2024,Bulgaria First League,2023-08-18,13:00:00,complete,Lokomotiv Sofia 1929,Hebar 1918,1.93,3.45,3.7,2.2,1.6,1.95,1.78,0,1
2023/2024,Bulgaria First League,2023-08-18,15:15:00,complete,Lokomotiv Plovdiv,Arda,2.12,3.25,3.3,2.2,1.6,1.95,1.8,1,0
2023/2024,Bulgaria First League,2023-08-19,13:00:00,complete,Beroe,Slavia Sofia,2.82,3.0,2.4,2.29,1.55,1.95,1.78,3,0
2023/2024,Bulgaria First League,2023-08-19,15:15:00,complete,Botev Vratsa,CSKA Sofia,8.73,5.25,1.25,1.77,1.94,2.3,1.57,0,2
2023/2024,Bulgaria First League,2023-08-20,13:00:00,complete,Botev Plovdiv,Levski Krumovgrad,1.53,3.91,5.79,1.98,1.77,2.0,1.73,1,2
2023/2024,Bulgaria First League,2023-08-20,15:15:00,complete,Cherno More,Ludogorets,3.9,3.2,1.97,2.09,1.66,1.83,1.83,1,0
2023/2024,Bulgaria First League,2023-08-21,14:30:00,complete,CSKA 1948 Sofia,Etar,1.16,6.3,11.88,1.77,1.94,3.5,1.29,1,0
2023/2024,Bulgaria First League,2023-08-25,13:00:00,complete,OFK Pirin,Botev Vratsa,2.17,3.1,2.89,2.12,1.52,1.92,1.82,0,1
2023/2024,Bulgaria First League,2023-08-25,15:15:00,complete,Hebar 1918,Lokomotiv Plovdiv,3.5,3.2,1.89,2.03,1.57,2.02,1.74,3,4
2023/2024,Bulgaria First League,2023-08-26,13:00:00,complete,Levski Krumovgrad,Lokomotiv Sofia 1929,1.97,3.3,3.65,1.99,1.77,1.9,1.85,2,0
2023/2024,Bulgaria First League,2023-08-26,15:15:00,complete,CSKA Sofia,Cherno More,1.9,3.35,3.85,2.1,1.6,2.0,1.75,1,1
2023/2024,Bulgaria First League,2023-08-27,13:00:00,complete,Etar,Botev Plovdiv,3.19,3.3,2.28,2.18,1.49,1.91,1.8,1,2
2023/2024,Bulgaria First League,2023-08-27,15:15:00,complete,Ludogorets,Beroe,1.17,7.6,16.0,1.35,2.56,2.2,1.62,5,0
2023/2024,Bulgaria First League,2023-08-28,14:30:00,complete,Slavia Sofia,CSKA 1948 Sofia,3.25,3.2,1.99,2.1,1.67,1.8,1.91,0,2
2023/2024,Bulgaria First League,2023-09-01,11:00:00,complete,OFK Pirin,Arda,4.9,3.6,1.5,2.05,1.7,2.1,1.67,0,2
2023/2024,Bulgaria First League,2023-09-01,13:15:00,complete,Botev Vratsa,Cherno More,3.92,3.25,1.83,2.13,1.51,2.1,1.67,0,1
2023/2024,Bulgaria First League,2023-09-01,15:30:00,complete,Botev Plovdiv,Slavia Sofia,2.11,3.05,3.25,2.25,1.6,1.91,1.8,3,1
2023/2024,Bulgaria First League,2023-09-02,13:00:00,complete,Lokomotiv Sofia 1929,Etar,2.0,3.3,3.6,2.1,1.67,2.0,1.73,1,3
2023/2024,Bulgaria First League,2023-09-02,15:15:00,complete,Beroe,CSKA Sofia,4.91,3.58,1.75,2.15,1.65,2.5,1.5,0,3
2023/2024,Bulgaria First League,2023-09-03,13:00:00,complete,Lokomotiv Plovdiv,Levski Krumovgrad,1.5,3.85,5.0,2.0,1.7,2.1,1.67,4,0
2023/2024,Bulgaria First League,2023-09-03,15:15:00,complete,Levski Sofia,Hebar 1918,1.18,5.5,10.0,1.6,2.2,2.25,1.57,1,0
2023/2024,Bulgaria First League,2023-09-14,14:30:00,complete,Levski Sofia,OFK Pirin,1.14,6.5,19.0,1.6,2.25,2.63,1.44,2,0
2023/2024,Bulgaria First League,2023-09-15,11:30:00,complete,Arda,Botev Vratsa,1.36,4.2,7.5,1.73,2.0,2.1,1.67,4,0
2023/2024,Bulgaria First League,2023-09-15,14:00:00,complete,Cherno More,Beroe,1.36,4.2,7.5,1.75,2.0,2.0,1.73,2,0
2023/2024,Bulgaria First League,2023-09-16,11:30:00,complete,Slavia Sofia,Lokomotiv Sofia 1929,2.2,3.15,2.87,2.1,1.65,1.83,1.83,1,2
2023/2024,Bulgaria First League,2023-09-16,14:00:00,complete,Ludogorets,Botev Plovdiv,1.25,5.75,11.0,1.63,1.93,2.2,1.62,2,2
2023/2024,Bulgaria First League,2023-09-17,11:45:00,complete,Etar,Lokomotiv Plovdiv,3.9,3.3,1.95,2.18,1.64,1.83,1.83,0,1
2023/2024,Bulgaria First League,2023-09-17,14:15:00,complete,CSKA Sofia,CSKA 1948 Sofia,1.82,3.25,3.8,2.1,1.6,1.95,1.78,2,0
2023/2024,Bulgaria First League,2023-09-18,11:30:00,complete,Hebar 1918,OFK Pirin,1.7,3.25,4.75,2.5,1.53,2.38,1.53,1,2
2023/2024,Bulgaria First League,2023-09-18,14:00:00,complete,Levski Krumovgrad,Levski Sofia,5.5,3.5,1.48,2.03,1.83,2.0,1.73,2,2
2023/2024,Bulgaria First League,2023-09-22,09:00:00,complete,Botev Vratsa,Beroe,2.32,3.0,2.8,2.3,1.56,2.0,1.73,1,0
2023/2024,Bulgaria First League,2023-09-22,11:30:00,complete,CSKA 1948 Sofia,Cherno More,1.85,3.1,3.75,2.12,1.52,1.91,1.8,1,1
2023/2024,Bulgaria First League,2023-09-22,14:00:00,complete,Botev Plovdiv,CSKA Sofia,3.2,3.0,2.15,2.1,1.6,1.83,1.83,1,2
2023/2024,Bulgaria First League,2023-09-23,09:00:00,complete,Arda,Hebar 1918,1.56,3.86,6.35,2.23,1.6,2.0,1.75,3,1
2023/2024,Bulgaria First League,2023-09-23,11:30:00,complete,Lokomotiv Plovdiv,Slavia Sofia,1.51,3.65,5.4,2.0,1.8,1.9,1.83,2,0
2023/2024,Bulgaria First League,2023-09-23,14:00:00,complete,Levski Sofia,Etar,1.18,5.75,18.0,1.73,2.0,2.65,1.44,1,0
2023/2024,Bulgaria First League,2023-09-24,12:00:00,complete,OFK Pirin,Levski Krumovgrad,2.49,3.1,2.8,2.35,1.59,2.05,1.72,1,0
2023/2024,Bulgaria First League,2023-09-24,14:30:00,complete,Lokomotiv Sofia 1929,Ludogorets,9.5,5.0,1.3,1.57,2.28,1.9,1.83,1,3
2023/2024,Bulgaria First League,2023-09-26,11:00:00,complete,Beroe,CSKA 1948 Sofia,4.95,3.45,1.59,1.94,1.63,2.0,1.73,0,0
2023/2024,Bulgaria First League,2023-09-26,13:30:00,complete,Cherno More,Botev Plovdiv,1.75,3.3,4.75,2.3,1.57,2.2,1.62,1,0
2023/2024,Bulgaria First League,2023-09-27,09:30:00,complete,Hebar 1918,Botev Vratsa,1.65,3.4,4.88,2.23,1.58,2.1,1.67,1,1
2023/2024,Bulgaria First League,2023-09-27,12:00:00,complete,Slavia Sofia,Levski Sofia,4.8,3.4,1.65,2.12,1.52,2.1,1.67,0,2
2023/2024,Bulgaria First League,2023-09-27,14:30:00,complete,Ludogorets,Lokomotiv Plovdiv,1.22,5.5,9.5,1.57,2.25,2.0,1.73,1,1
2023/2024,Bulgaria First League,2023-09-28,09:30:00,complete,Etar,OFK Pirin,1.87,3.0,4.0,2.3,1.57,2.1,1.67,0,2
2023/2024,Bulgaria First League,2023-09-28,12:00:00,complete,Levski Krumovgrad,Arda,3.15,3.0,2.23,2.28,1.58,2.0,1.73,1,3
2023/2024,Bulgaria First League,2023-09-28,14:30:00,complete,CSKA Sofia,Lokomotiv Sofia 1929,1.28,5.1,8.0,1.78,1.97,2.38,1.53,2,0
2023/2024,Bulgaria First League,2023-09-30,11:30:00,complete,Botev Vratsa,CSKA 1948 Sofia,7.13,4.3,1.46,1.85,1.85,2.11,1.69,1,2
2023/2024,Bulgaria First League,2023-09-30,14:00:00,complete,Botev Plovdiv,Beroe,1.85,3.6,4.2,2.0,1.85,1.86,1.9,4,1
2023/2024,Bulgaria First League,2023-10-01,09:15:00,complete,Arda,Etar,1.37,4.75,7.5,1.74,2.02,1.91,1.83,3,0
2023/2024,Bulgaria First League,2023-10-01,11:45:00,complete,Lokomotiv Sofia 1929,Cherno More,5.0,3.65,1.64,2.12,1.66,1.82,1.92,0,0
2023/2024,Bulgaria First League,2023-10-01,14:30:00,complete,Levski Sofia,Ludogorets,2.93,3.4,2.13,2.0,1.72,1.83,1.91,0,1
2023/2024,Bulgaria First League,2023-10-02,09:00:00,complete,Hebar 1918,Levski Krumovgrad,2.02,3.05,3.4,2.1,1.65,1.87,1.87,0,0
2023/2024,Bulgaria First League,2023-10-02,11:30:00,complete,OFK Pirin,Slavia Sofia,3.36,3.25,2.0,2.29,1.55,1.9,1.83,1,1
2023/2024,Bulgaria First League,2023-10-02,14:00:00,complete,Lokomotiv Plovdiv,CSKA Sofia,3.45,3.25,1.97,2.19,1.6,1.87,1.87,0,2
2023/2024,Bulgaria First League,2023-10-06,11:30:00,complete,Levski Krumovgrad,Botev Vratsa,1.73,3.2,4.4,2.05,1.67,1.95,1.78,1,0
2023/2024,Bulgaria First League,2023-10-06,14:00:00,complete,Beroe,Lokomotiv Sofia 1929,2.5,3.0,2.88,2.2,1.62,1.86,1.9,0,1
2023/2024,Bulgaria First League,2023-10-07,08:45:00,complete,CSKA Sofia,Levski Sofia,2.74,2.38,3.09,2.54,1.38,2.1,1.68,1,1
2023/2024,Bulgaria First League,2023-10-07,11:45:00,complete,Slavia Sofia,Arda,3.85,3.15,1.84,2.09,1.56,2.0,1.73,1,0
2023/2024,Bulgaria First League,2023-10-07,14:15:00,complete,Cherno More,Lokomotiv Plovdiv,1.67,3.4,4.6,2.28,1.58,2.16,1.65,2,2
2023/2024,Bulgaria First League,2023-10-08,09:15:00,complete,Etar,Hebar 1918,2.63,3.0,2.7,2.2,1.62,1.91,1.8,2,5
2023/2024,Bulgaria First League,2023-10-08,11:45:00,complete,CSKA 1948 Sofia,Botev Plovdiv,1.68,3.45,4.55,2.03,1.7,1.94,1.82,1,0
2023/2024,Bulgaria First League,2023-10-08,14:15:00,complete,Ludogorets,OFK Pirin,1.02,12.0,19.5,1.3,3.21,3.0,1.33,4,0
2023/2024,Bulgaria First League,2023-10-20,10:45:00,complete,Levski Krumovgrad,Etar,2.0,3.35,3.6,2.15,1.66,1.91,1.8,0,0
2023/2024,Bulgaria First League,2023-10-20,13:15:00,complete,Lokomotiv Plovdiv,Beroe,1.49,4.1,5.5,1.77,1.83,2.1,1.67,1,2
2023/2024,Bulgaria First League,2023-10-21,08:00:00,complete,Botev Vratsa,Botev Plovdiv,2.88,3.1,2.3,2.03,1.73,1.83,1.83,3,5
2023/2024,Bulgaria First League,2023-10-21,10:30:00,complete,Lokomotiv Sofia 1929,CSKA 1948 Sofia,4.33,3.75,1.65,2.0,1.8,2.0,1.73,0,0
2023/2024,Bulgaria First League,2023-10-21,13:00:00,complete,OFK Pirin,CSKA Sofia,10.0,4.75,1.25,1.85,1.9,2.5,1.5,1,2
2023/2024,Bulgaria First League,2023-10-22,08:00:00,complete,Hebar 1918,Slavia Sofia,2.2,2.9,3.1,2.3,1.57,2.1,1.67,1,0
2023/2024,Bulgaria First League,2023-10-22,10:30:00,complete,Levski Sofia,Cherno More,1.65,3.4,5.0,2.05,1.72,2.1,1.67,1,0
2023/2024,Bulgaria First League,2023-10-22,13:00:00,complete,Arda,Ludogorets,4.5,3.75,1.6,1.63,1.93,1.83,1.83,0,0
2023/2024,Bulgaria First League,2023-10-25,11:30:00,complete,Etar,Botev Vratsa,2.18,3.0,3.05,1.95,1.75,1.83,1.83,2,1
2023/2024,Bulgaria First League,2023-10-26,06:30:00,complete,Botev Plovdiv,Lokomotiv Sofia 1929,1.57,3.8,5.5,1.95,1.75,1.91,1.8,6,0
2023/2024,Bulgaria First League,2023-10-26,09:00:00,complete,Cherno More,OFK Pirin,1.3,5.0,10.0,1.75,1.95,2.2,1.62,2,1
2023/2024,Bulgaria First League,2023-10-26,11:30:00,complete,CSKA 1948 Sofia,Lokomotiv Plovdiv,1.67,3.5,4.8,2.15,1.61,1.83,1.83,1,1
2023/2024,Bulgaria First League,2023-10-27,08:00:00,complete,Slavia Sofia,Levski Krumovgrad,1.95,3.4,3.3,1.95,1.75,1.91,1.8,2,0
2023/2024,Bulgaria First League,2023-10-27,10:30:00,complete,CSKA Sofia,Arda,1.44,3.8,6.5,2.1,1.65,2.2,1.62,0,0
2023/2024,Bulgaria First League,2023-10-27,13:00:00,complete,Beroe,Levski Sofia,5.5,4.0,1.6,2.1,1.68,2.25,1.57,2,1
2023/2024,Bulgaria First League,2023-10-29,13:15:00,complete,Ludogorets,Hebar 1918,1.1,6.75,13.0,1.44,2.6,2.38,1.53,3,1
2023/2024,Bulgaria First League,2023-11-01,12:00:00,complete,Etar,CSKA Sofia,7.0,4.4,1.37,1.91,1.91,2.2,1.62,0,1
2023/2024,Bulgaria First League,2023-11-01,14:30:00,complete,Arda,Levski Sofia,3.4,3.1,2.07,2.37,1.5,2.0,1.73,0,0
2023/2024,Bulgaria First League,2023-11-02,13:00:00,complete,Slavia Sofia,Ludogorets,9.5,4.75,1.31,1.77,1.97,2.25,1.57,0,2
2023/2024,Bulgaria First League,2023-11-03,12:00:00,complete,Beroe,OFK Pirin,1.82,3.25,4.2,2.2,1.62,2.1,1.67,0,0
2023/2024,Bulgaria First League,2023-11-03,14:30:00,complete,Botev Plovdiv,Lokomotiv Plovdiv,2.5,3.25,2.55,2.1,1.67,1.83,1.83,0,0
2023/2024,Bulgaria First League,2023-11-05,10:30:00,complete,Ludogorets,Levski Krumovgrad,1.23,6.3,11.5,1.5,2.4,2.25,1.57,1,0
2023/2024,Bulgaria First League,2023-11-06,08:00:00,complete,Botev Vratsa,Lokomotiv Sofia 1929,2.08,3.07,2.86,2.2,1.62,1.83,1.83,0,2
2023/2024,Bulgaria First League,2023-11-06,10:30:00,complete,Slavia Sofia,Etar,1.55,3.5,4.45,2.2,1.62,2.0,1.73,1,0
2023/2024,Bulgaria First League,2023-11-06,13:00:00,complete,CSKA Sofia,Hebar 1918,1.18,5.2,11.5,1.97,1.83,3.0,1.36,3,0
2023/2024,Bulgaria First League,2023-11-07,10:00:00,complete,Cherno More,Arda,1.92,3.15,4.21,2.18,1.58,1.91,1.8,1,0
2023/2024,Bulgaria First League,2023-11-07,12:30:00,complete,CSKA 1948 Sofia,Levski Sofia,3.5,2.9,2.18,2.3,1.5,2.0,1.73,1,0
2023/2024,Bulgaria First League,2023-11-10,10:00:00,complete,Slavia Sofia,Botev Vratsa,1.57,3.4,5.5,2.1,1.67,2.1,1.67,1,0
2023/2024,Bulgaria First League,2023-11-10,12:30:00,complete,Lokomotiv Plovdiv,Lokomotiv Sofia 1929,1.43,4.18,6.6,1.82,1.88,2.1,1.67,2,1
2023/2024,Bulgaria First League,2023-11-11,07:45:00,complete,Hebar 1918,Cherno More,2.9,3.1,2.35,2.2,1.62,1.83,1.83,1,1
2023/2024,Bulgaria First League,2023-11-11,10:15:00,complete,OFK Pirin,CSKA 1948 Sofia,6.0,3.9,1.49,2.2,1.62,2.1,1.67,2,1
2023/2024,Bulgaria First League,2023-11-11,12:45:00,complete,Arda,Beroe,1.65,3.55,4.34,2.02,1.75,1.91,1.8,1,0
2023/2024,Bulgaria First League,2023-11-12,08:00:00,complete,Levski Krumovgrad,CSKA Sofia,6.5,3.87,1.49,2.01,1.77,2.23,1.62,1,4
2023/2024,Bulgaria First League,2023-11-12,10:30:00,complete,Levski Sofia,Botev Plovdiv,1.51,3.9,5.75,2.12,1.67,2.11,1.69,1,1
2023/2024,Bulgaria First League,2023-11-12,13:00:00,complete,Etar,Ludogorets,23.66,15.15,1.02,1.35,2.58,2.06,1.73,0,4
2023/2024,Bulgaria First League,2023-11-24,12:30:00,complete,Beroe,Hebar 1918,2.15,3.1,3.4,2.3,1.57,2.0,1.73,2,1
2023/2024,Bulgaria First League,2023-11-25,07:45:00,complete,Botev Vratsa,Lokomotiv Plovdiv,3.1,3.15,1.99,2.1,1.67,1.91,1.8,2,0
2023/2024,Bulgaria First League,2023-11-25,10:00:00,complete,Botev Plovdiv,OFK Pirin,1.3,5.2,5.6,1.8,2.0,2.2,1.62,3,1
2023/2024,Bulgaria First League,2023-11-26,12:45:00,complete,Cherno More,Levski Krumovgrad,1.33,4.33,7.5,1.96,1.82,2.38,1.53,3,2
2023/2024,Bulgaria First League,2023-11-26,13:30:00,complete,CSKA Sofia,Etar,1.12,8.3,22.0,1.58,2.25,2.8,1.37,2,0
2023/2024,Bulgaria First League,2023-11-27,07:45:00,complete,Arda,CSKA 1948 Sofia,3.31,3.48,2.15,1.93,1.87,1.73,2.0,0,3
2023/2024,Bulgaria First League,2023-11-27,10:15:00,complete,Ludogorets,Slavia Sofia,1.07,9.0,41.0,1.62,2.2,2.4,1.5,2,3
2023/2024,Bulgaria First League,2023-11-27,12:30:00,complete,Lokomotiv Sofia 1929,Levski Sofia,6.5,3.75,1.44,2.12,1.65,2.38,1.53,2,2
2023/2024,Bulgaria First League,2023-12-01,10:00:00,complete,Arda,Botev Plovdiv,2.1,3.0,3.25,2.05,1.61,1.85,1.9,0,2
2023/2024,Bulgaria First League,2023-12-01,12:30:00,complete,Slavia Sofia,CSKA Sofia,6.25,3.92,1.55,2.45,1.5,2.3,1.57,1,1
2023/2024,Bulgaria First League,2023-12-02,07:30:00,complete,Hebar 1918,CSKA 1948 Sofia,4.2,3.3,1.71,2.13,1.51,2.0,1.75,1,3
2023/2024,Bulgaria First League,2023-12-02,10:00:00,complete,Etar,Cherno More,4.7,3.55,1.57,2.03,1.57,2.5,1.5,1,2
2023/2024,Bulgaria First League,2023-12-02,12:30:00,complete,Levski Sofia,Lokomotiv Plovdiv,1.53,3.6,6.0,2.2,1.62,2.2,1.63,3,0
2023/2024,Bulgaria First League,2023-12-03,07:45:00,complete,OFK Pirin,Lokomotiv Sofia 1929,2.42,3.16,3.04,2.2,1.6,1.83,1.83,1,1
2023/2024,Bulgaria First League,2023-12-03,10:15:00,complete,Ludogorets,Botev Vratsa,1.07,11.2,31.0,1.3,3.2,2.5,1.5,5,0
2023/2024,Bulgaria First League,2023-12-03,12:45:00,complete,Levski Krumovgrad,Beroe,2.05,3.0,3.3,2.15,1.57,1.91,1.8,1,0
2023/2024,Bulgaria First League,2023-12-09,07:30:00,complete,Lokomotiv Sofia 1929,Arda,3.5,3.1,2.0,2.3,1.53,2.0,1.73,0,1
2023/2024,Bulgaria First League,2023-12-09,10:00:00,complete,Cherno More,Slavia Sofia,1.57,3.6,5.0,1.97,1.75,2.5,1.5,3,0
2023/2024,Bulgaria First League,2023-12-09,12:30:00,complete,Botev Vratsa,Levski Sofia,7.8,4.25,1.36,1.9,1.89,2.5,1.5,0,1
2023/2024,Bulgaria First League,2023-12-10,07:30:00,complete,CSKA 1948 Sofia,Levski Krumovgrad,1.37,4.1,6.7,1.97,1.79,2.38,1.53,0,3
2023/2024,Bulgaria First League,2023-12-10,10:00:00,complete,Botev Plovdiv,Hebar 1918,1.35,4.3,6.7,1.88,1.92,2.25,1.57,1,0
2023/2024,Bulgaria First League,2023-12-10,12:45:00,complete,CSKA Sofia,Ludogorets,2.65,3.1,2.38,2.18,1.64,2.1,1.67,0,1
2023/2024,Bulgaria First League,2023-12-11,10:00:00,complete,Lokomotiv Plovdiv,OFK Pirin,1.45,4.2,6.5,1.83,1.91,2.0,1.73,3,0
2023/2024,Bulgaria First League,2023-12-11,12:30:00,complete,Beroe,Etar,1.67,3.5,4.6,2.2,1.62,2.1,1.67,0,0
2023/2024,Bulgaria First League,2023-12-14,12:30:00,complete,CSKA 1948 Sofia,Arda,1.8,3.1,4.33,2.48,1.5,2.2,1.62,1,0
2023/2024,Bulgaria First League,2024-02-16,12:30:00,complete,Hebar 1918,Lokomotiv Sofia 1929,2.41,3.12,3.0,2.37,1.53,2.0,1.73,0,1
2023/2024,Bulgaria First League,2024-02-17,07:00:00,complete,Levski Krumovgrad,Botev Plovdiv,4.85,3.75,1.52,1.92,1.64,2.0,1.73,2,1
2023/2024,Bulgaria First League,2024-02-17,09:30:00,complete,Slavia Sofia,Beroe,1.8,3.25,4.2,2.25,1.57,2.25,1.57,3,0
2023/2024,Bulgaria First League,2024-02-17,12:00:00,complete,OFK Pirin,Levski Sofia,5.35,3.9,1.46,2.03,1.57,2.5,1.5,1,2
2023/2024,Bulgaria First League,2024-02-18,07:45:00,complete,Etar,CSKA 1948 Sofia,5.0,3.7,1.53,1.92,1.84,2.1,1.67,1,1
2023/2024,Bulgaria First League,2024-02-18,10:15:00,complete,Arda,Lokomotiv Plovdiv,1.98,3.2,3.3,2.34,1.53,2.0,1.73,1,2
2023/2024,Bulgaria First League,2024-02-18,12:45:00,complete,CSKA Sofia,Botev Vratsa,1.06,8.0,23.0,1.55,2.3,2.8,1.37,3,0
2023/2024,Bulgaria First League,2024-02-19,11:00:00,complete,Ludogorets,Cherno More,1.4,4.2,6.5,2.09,1.69,2.1,1.67,3,1
2023/2024,Bulgaria First League,2024-02-23,10:00:00,complete,Botev Vratsa,OFK Pirin,1.9,3.3,4.0,2.3,1.57,2.04,1.69,1,2
2023/2024,Bulgaria First League,2024-02-23,12:30:00,complete,Botev Plovdiv,Etar,1.23,4.8,7.4,1.6,2.2,2.09,1.66,2,0
2023/2024,Bulgaria First League,2024-02-24,07:45:00,complete,Lokomotiv Plovdiv,Hebar 1918,1.58,3.69,5.72,1.92,1.68,2.0,1.72,1,2
2023/2024,Bulgaria First League,2024-02-24,10:15:00,complete,Cherno More,CSKA Sofia,3.05,2.93,2.46,2.5,1.49,2.02,1.71,1,0
2023/2024,Bulgaria First League,2024-02-24,12:45:00,complete,Levski Sofia,Arda,1.54,3.52,5.91,2.33,1.55,2.34,1.53,4,0
2023/2024,Bulgaria First League,2024-02-25,09:30:00,complete,Lokomotiv Sofia 1929,Levski Krumovgrad,2.1,2.9,3.3,2.45,1.5,2.1,1.67,0,2
2023/2024,Bulgaria First League,2024-02-25,11:45:00,complete,CSKA 1948 Sofia,Slavia Sofia,1.75,3.13,4.33,2.38,1.53,2.2,1.62,1,1
2023/2024,Bulgaria First League,2024-02-26,12:30:00,complete,Beroe,Ludogorets,13.0,6.0,1.15,1.58,2.18,2.25,1.57,0,2
2023/2024,Bulgaria First League,2024-03-01,12:30:00,complete,Cherno More,Botev Vratsa,1.28,5.2,8.5,1.8,1.9,2.25,1.57,2,1
2023/2024,Bulgaria First League,2024-03-02,07:45:00,complete,Etar,Lokomotiv Sofia 1929,2.5,3.0,2.6,2.25,1.57,1.91,1.8,1,2
2023/2024,Bulgaria First League,2024-03-02,10:15:00,complete,Levski Krumovgrad,Lokomotiv Plovdiv,3.0,3.1,2.15,2.3,1.55,2.1,1.67,3,1
2023/2024,Bulgaria First League,2024-03-02,12:45:00,complete,Slavia Sofia,Botev Plovdiv,2.6,3.3,2.4,2.11,1.65,1.83,1.83,2,2
2023/2024,Bulgaria First League,2024-03-03,09:30:00,complete,CSKA Sofia,Beroe,1.23,4.85,9.8,1.97,1.83,2.75,1.4,3,0
2023/2024,Bulgaria First League,2024-03-03,12:00:00,complete,Ludogorets,CSKA 1948 Sofia,1.3,4.9,9.0,1.7,2.0,2.1,1.67,2,0
2023/2024,Bulgaria First League,2024-03-04,10:00:00,complete,Arda,OFK Pirin,1.5,3.8,6.5,2.03,1.73,2.2,1.62,0,0
2023/2024,Bulgaria First League,2024-03-04,12:30:00,complete,Hebar 1918,Levski Sofia,6.91,4.2,1.43,2.09,1.63,2.63,1.44,0,1
2023/2024,Bulgaria First League,2024-03-08,13:30:00,complete,Lokomotiv Plovdiv,Etar,1.35,4.33,7.5,1.8,1.91,2.11,1.65,3,0
2023/2024,Bulgaria First League,2024-03-09,07:30:00,complete,Lokomotiv Sofia 1929,Slavia Sofia,3.2,3.0,2.4,2.45,1.52,2.1,1.7,1,2
2023/2024,Bulgaria First League,2024-03-09,10:00:00,complete,CSKA 1948 Sofia,CSKA Sofia,2.84,2.74,2.2,2.3,1.55,2.08,1.67,1,2
2023/2024,Bulgaria First League,2024-03-09,12:30:00,complete,Beroe,Cherno More,5.0,3.3,1.62,2.2,1.62,2.2,1.66,2,0
2023/2024,Bulgaria First League,2024-03-10,07:45:00,complete,Botev Vratsa,Arda,3.95,3.4,1.88,2.09,1.56,1.95,1.78,1,2
2023/2024,Bulgaria First League,2024-03-10,10:15:00,complete,Levski Sofia,Levski Krumovgrad,1.34,4.4,9.2,1.98,1.6,2.45,1.52,0,0
2023/2024,Bulgaria First League,2024-03-10,12:45:00,complete,Botev Plovdiv,Ludogorets,4.88,3.4,1.65,1.8,1.9,1.8,1.95,0,2
2023/2024,Bulgaria First League,2024-03-11,12:30:00,complete,OFK Pirin,Hebar 1918,2.5,3.0,2.7,2.3,1.55,2.0,1.75,1,1
2023/2024,Bulgaria First League,2024-03-15,11:15:00,complete,Beroe,Botev Vratsa,1.85,3.5,4.33,1.83,1.71,1.95,1.78,2,2
2023/2024,Bulgaria First League,2024-03-15,13:45:00,complete,Cherno More,CSKA 1948 Sofia,1.73,2.82,5.72,2.25,1.57,2.21,1.59,2,1
2023/2024,Bulgaria First League,2024-03-16,07:45:00,complete,Slavia Sofia,Lokomotiv Plovdiv,2.0,3.2,3.75,2.3,1.57,2.0,1.75,1,2
2023/2024,Bulgaria First League,2024-03-16,10:15:00,complete,Etar,Levski Sofia,9.85,4.35,1.25,2.04,1.59,2.72,1.43,0,3
2023/2024,Bulgaria First League,2024-03-16,12:45:00,complete,Ludogorets,Lokomotiv Sofia 1929,1.05,8.1,18.5,1.27,2.92,2.47,1.48,6,0
2023/2024,Bulgaria First League,2024-03-17,07:45:00,complete,Levski Krumovgrad,OFK Pirin,1.65,3.6,5.75,2.3,1.57,2.19,1.6,2,2
2023/2024,Bulgaria First League,2024-03-17,10:15:00,complete,Hebar 1918,Arda,3.2,2.9,2.2,2.45,1.5,2.02,1.71,1,0
2023/2024,Bulgaria First League,2024-03-17,12:45:00,complete,CSKA Sofia,Botev Plovdiv,1.5,3.85,5.1,1.95,1.85,1.95,1.8,4,0
2023/2024,Bulgaria First League,2024-03-29,09:00:00,complete,OFK Pirin,Etar,1.85,3.25,3.9,2.08,1.66,2.2,1.62,2,1
2023/2024,Bulgaria First League,2024-03-29,11:30:00,complete,Arda,Levski Krumovgrad,1.8,3.25,4.2,2.33,1.5,2.1,1.67,1,1
2023/2024,Bulgaria First League,2024-03-29,14:00:00,complete,Levski Sofia,Slavia Sofia,1.5,3.85,6.6,2.25,1.5,2.63,1.44,2,0
2023/2024,Bulgaria First League,2024-03-30,09:00:00,complete,Botev Vratsa,Hebar 1918,2.41,3.1,2.63,2.12,1.52,2.0,1.73,3,2
2023/2024,Bulgaria First League,2024-03-30,11:30:00,complete,Lokomotiv Plovdiv,Ludogorets,5.7,4.15,1.42,1.82,1.98,1.91,1.8,1,2
2023/2024,Bulgaria First League,2024-03-30,14:00:00,complete,Lokomotiv Sofia 1929,CSKA Sofia,11.0,5.5,1.18,1.95,1.75,3.0,1.36,0,1
2023/2024,Bulgaria First League,2024-03-31,10:30:00,complete,Botev Plovdiv,Cherno More,2.2,3.2,2.9,2.1,1.67,1.91,1.8,0,0
2023/2024,Bulgaria First League,2024-03-31,13:00:00,complete,CSKA 1948 Sofia,Beroe,1.54,3.7,5.0,1.88,1.81,2.0,1.73,0,1
2023/2024,Bulgaria First League,2024-04-02,11:00:00,complete,Etar,Arda,4.2,3.42,1.86,2.17,1.61,2.0,1.75,2,1
2023/2024,Bulgaria First League,2024-04-02,13:30:00,complete,Slavia Sofia,OFK Pirin,1.55,3.68,5.8,2.05,1.7,2.05,1.72,0,0
2023/2024,Bulgaria First League,2024-04-03,08:30:00,complete,Levski Krumovgrad,Hebar 1918,1.97,3.0,4.25,2.45,1.48,2.0,1.75,3,2
2023/2024,Bulgaria First League,2024-04-03,11:00:00,complete,CSKA Sofia,Lokomotiv Plovdiv,1.3,4.4,8.5,1.98,1.72,2.2,1.62,1,2
2023/2024,Bulgaria First League,2024-04-03,13:30:00,complete,Ludogorets,Levski Sofia,1.53,3.75,6.5,1.95,1.74,2.0,1.73,5,1
2023/2024,Bulgaria First League,2024-04-04,08:30:00,complete,CSKA 1948 Sofia,Botev Vratsa,1.27,5.05,6.9,1.69,1.86,2.25,1.57,0,0
2023/2024,Bulgaria First League,2024-04-04,11:00:00,complete,Beroe,Botev Plovdiv,3.3,3.0,2.03,1.98,1.6,1.83,1.83,0,3
2023/2024,Bulgaria First League,2024-04-04,13:30:00,complete,Cherno More,Lokomotiv Sofia 1929,1.19,5.3,10.5,1.8,2.0,2.63,1.44,3,0
2023/2024,Bulgaria First League,2024-04-06,11:45:00,complete,Hebar 1918,Etar,1.75,3.4,4.4,2.3,1.55,2.0,1.75,3,0
2023/2024,Bulgaria First League,2024-04-06,14:15:00,complete,Arda,Slavia Sofia,2.17,3.05,3.05,2.43,1.49,2.0,1.75,2,1
2023/2024,Bulgaria First League,2024-04-07,08:45:00,complete,Levski Sofia,CSKA Sofia,2.63,2.88,2.7,2.62,1.43,2.0,1.75,0,2
2023/2024,Bulgaria First League,2024-04-07,11:45:00,complete,Botev Plovdiv,CSKA 1948 Sofia,1.8,3.14,3.74,2.02,1.78,1.87,1.83,0,0
2023/2024,Bulgaria First League,2024-04-07,14:15:00,complete,OFK Pirin,Ludogorets,14.5,6.75,1.16,1.6,2.2,2.4,1.53,0,2
2023/2024,Bulgaria First League,2024-04-08,11:00:00,complete,Botev Vratsa,Levski Krumovgrad,2.9,2.8,2.5,2.4,1.5,2.05,1.72,0,0
2023/2024,Bulgaria First League,2024-04-08,13:30:00,complete,Lokomotiv Plovdiv,Cherno More,2.9,2.9,2.3,2.15,1.57,1.95,1.8,1,0
2023/2024,Bulgaria First League,2024-04-09,12:30:00,complete,Lokomotiv Sofia 1929,Beroe,2.25,3.0,3.5,2.3,1.57,1.95,1.8,1,0
2023/2024,Bulgaria First League,2024-04-11,12:45:00,complete,CSKA 1948 Sofia,Ludogorets,8.0,4.1,1.4,1.71,2.0,1.73,2.0,0,1
2023/2024,Bulgaria First League,2024-04-12,11:45:00,complete,Botev Plovdiv,Botev Vratsa,1.23,4.8,7.9,1.62,2.15,2.04,1.69,2,0
2023/2024,Bulgaria First League,2024-04-12,14:15:00,complete,CSKA Sofia,OFK Pirin,1.14,6.99,15.7,1.6,2.2,2.76,1.42,1,2
2023/2024,Bulgaria First League,2024-04-13,11:45:00,complete,Slavia Sofia,Hebar 1918,1.36,4.1,8.0,2.07,1.67,2.35,1.55,3,1
2023/2024,Bulgaria First League,2024-04-13,14:15:00,complete,Cherno More,Levski Sofia,2.21,3.05,3.1,2.18,1.58,2.06,1.68,3,1
2023/2024,Bulgaria First League,2024-04-14,11:00:00,complete,Etar,Levski Krumovgrad,3.4,3.15,1.99,2.3,1.55,2.0,1.73,0,0
2023/2024,Bulgaria First League,2024-04-14,13:30:00,complete,Beroe,Lokomotiv Plovdiv,4.08,3.24,1.9,2.02,1.7,1.94,1.77,2,2
2023/2024,Bulgaria First League,2024-04-15,11:30:00,complete,CSKA 1948 Sofia,Lokomotiv Sofia 1929,1.51,3.62,6.5,2.2,1.6,2.3,1.55,2,1
2023/2024,Bulgaria First League,2024-04-15,14:00:00,complete,Ludogorets,Arda,1.22,5.0,8.4,1.67,2.05,2.4,1.5,2,0
2023/2024,Bulgaria First League,2024-04-19,11:30:00,complete,Botev Vratsa,Etar,1.62,3.4,4.8,2.0,1.75,1.98,1.74,2,0
2023/2024,Bulgaria First League,2024-04-19,14:00:00,complete,Levski Krumovgrad,Slavia Sofia,2.75,2.8,2.5,2.37,1.53,2.04,1.69,2,0
2023/2024,Bulgaria First League,2024-04-20,09:15:00,complete,OFK Pirin,Cherno More,5.8,3.7,1.56,2.14,1.63,2.2,1.6,0,0
2023/2024,Bulgaria First League,2024-04-20,11:45:00,complete,Hebar 1918,Ludogorets,9.8,5.6,1.25,1.5,2.41,2.11,1.69,0,3
2023/2024,Bulgaria First League,2024-04-20,14:15:00,complete,Levski Sofia,Beroe,1.35,4.6,9.0,1.95,1.75,2.52,1.5,1,0
2023/2024,Bulgaria First League,2024-04-21,09:15:00,complete,Lokomotiv Plovdiv,CSKA 1948 Sofia,1.68,3.6,4.5,1.95,1.75,1.91,1.8,1,1
2023/2024,Bulgaria First League,2024-04-21,11:45:00,complete,Lokomotiv Sofia 1929,Botev Plovdiv,3.8,3.4,1.85,2.05,1.67,1.95,1.75,0,4
2023/2024,Bulgaria First League,2024-04-21,14:15:00,complete,Arda,CSKA Sofia,5.0,3.5,1.6,2.15,1.53,2.0,1.73,2,3
2023/2024,Bulgaria First League,2024-04-26,14:00:00,complete,OFK Pirin,Botev Vratsa,1.75,3.16,4.54,2.15,1.61,1.92,1.84,1,2
2023/2024,Bulgaria First League,2024-04-27,10:15:00,complete,CSKA Sofia,Levski Sofia,2.0,3.3,3.8,2.48,1.47,2.14,1.67,3,1
2023/2024,Bulgaria First League,2024-04-27,13:00:00,complete,Botev Plovdiv,Slavia Sofia,1.75,3.31,4.7,2.1,1.67,2.0,1.77,0,1
2023/2024,Bulgaria First League,2024-04-28,09:15:00,complete,Hebar 1918,Lokomotiv Sofia 1929,1.96,3.25,3.3,2.15,1.57,1.99,1.78,0,2
2023/2024,Bulgaria First League,2024-04-28,11:45:00,complete,Ludogorets,Levski Krumovgrad,1.16,6.2,10.0,1.36,2.54,2.27,1.6,3,3
2023/2024,Bulgaria First League,2024-04-28,14:15:00,complete,Cherno More,Lokomotiv Plovdiv,1.67,3.3,5.25,2.1,1.65,2.17,1.66,1,0
2023/2024,Bulgaria First League,2024-04-29,11:45:00,complete,CSKA 1948 Sofia,Arda,2.2,3.0,3.2,2.23,1.59,1.92,1.84,1,1
2023/2024,Bulgaria First League,2024-04-29,14:15:00,complete,Beroe,Etar,2.29,1.97,6.04,2.15,1.63,2.09,1.7,3,0
2023/2024,Bulgaria First League,2024-05-06,11:45:00,complete,Slavia Sofia,Arda,2.6,3.1,2.76,2.5,1.5,2.0,1.73,0,0
2023/2024,Bulgaria First League,2024-05-06,14:15:00,complete,Botev Plovdiv,CSKA 1948 Sofia,1.74,3.4,4.75,1.92,1.8,1.95,1.8,0,0
2023/2024,Bulgaria First League,2024-05-10,10:45:00,complete,CSKA 1948 Sofia,Slavia Sofia,2.0,2.87,3.7,2.25,1.53,2.0,1.73,0,2
2023/2024,Bulgaria First League,2024-05-10,13:15:00,complete,Levski Krumovgrad,Lokomotiv Plovdiv,2.8,3.25,2.5,2.18,1.49,1.91,1.8,4,1
2023/2024,Bulgaria First League,2024-05-11,11:00:00,complete,Arda,Botev Plovdiv,2.85,2.94,2.28,2.05,1.58,1.75,2.0,2,1
2023/2024,Bulgaria First League,2024-05-11,13:30:00,complete,Ludogorets,CSKA Sofia,1.76,3.3,3.9,1.93,1.63,1.8,1.91,3,1
2023/2024,Bulgaria First League,2024-05-12,11:00:00,complete,Beroe,OFK Pirin,1.92,3.4,4.03,2.1,1.6,2.0,1.73,2,0
2023/2024,Bulgaria First League,2024-05-12,13:30:00,complete,Levski Sofia,Cherno More,2.07,3.18,3.74,2.52,1.51,2.2,1.62,0,0
2023/2024,Bulgaria First League,2024-05-13,11:45:00,complete,Etar,Lokomotiv Sofia 1929,3.5,3.25,2.12,2.28,1.61,2.0,1.73,1,1
2023/2024,Bulgaria First League,2024-05-13,14:15:00,complete,Botev Vratsa,Hebar 1918,2.27,3.05,3.2,2.09,1.67,1.83,1.83,1,0
2023/2024,Bulgaria First League,2024-05-17,09:15:00,complete,OFK Pirin,Etar,1.35,4.3,6.9,2.14,1.63,2.35,1.56,2,2
2023/2024,Bulgaria First League,2024-05-17,11:45:00,complete,Lokomotiv Sofia 1929,Botev Vratsa,2.08,3.15,3.15,2.22,1.61,1.93,1.83,1,1
2023/2024,Bulgaria First League,2024-05-17,14:15:00,complete,Hebar 1918,Beroe,2.1,3.0,3.2,2.25,1.57,2.03,1.75,0,1
2023/2024,Bulgaria First League,2024-05-18,11:45:00,complete,CSKA Sofia,Levski Krumovgrad,1.22,5.5,9.5,1.73,2.0,2.36,1.52,2,2
2023/2024,Bulgaria First League,2024-05-18,14:15:00,complete,Lokomotiv Plovdiv,Levski Sofia,2.9,3.15,2.39,2.25,1.57,1.95,1.81,1,2
2023/2024,Bulgaria First League,2024-05-19,14:30:00,complete,Cherno More,Ludogorets,2.08,3.15,3.3,1.98,1.73,1.94,1.82,4,0
2023/2024,Bulgaria First League,2024-05-20,11:45:00,complete,Arda,CSKA 1948 Sofia,2.2,2.9,3.1,2.22,1.47,1.92,1.79,0,0
2023/2024,Bulgaria First League,2024-05-20,14:15:00,complete,Slavia Sofia,Botev Plovdiv,2.38,3.0,2.88,2.07,1.54,1.99,1.73,3,1
2023/2024,Bulgaria First League,2024-05-21,10:30:00,complete,Etar,Botev Vratsa,3.75,3.45,1.91,2.03,1.83,1.85,1.91,1,1
2023/2024,Bulgaria First League,2024-05-21,12:45:00,complete,Beroe,Lokomotiv Sofia 1929,2.15,3.24,3.44,2.3,1.6,1.95,1.81,0,3
2023/2024,Bulgaria First League,2024-05-21,15:00:00,complete,OFK Pirin,Hebar 1918,2.1,3.22,3.6,2.38,1.57,2.0,1.77,0,0
2023/2024,Bulgaria First League,2024-05-22,10:00:00,complete,Levski Krumovgrad,Levski Sofia,4.23,3.13,1.91,2.22,1.64,2.08,1.65,0,1
2023/2024,Bulgaria First League,2024-05-22,12:30:00,complete,Ludogorets,Lokomotiv Plovdiv,1.59,3.95,5.2,1.7,2.0,1.85,1.91,3,0
2023/2024,Bulgaria First League,2024-05-23,09:15:00,complete,Arda,Slavia Sofia,2.4,3.0,2.85,2.39,1.56,2.1,1.7,3,1
2023/2024,Bulgaria First League,2024-05-23,11:45:00,complete,CSKA 1948 Sofia,Botev Plovdiv,2.67,5.48,1.81,2.0,1.67,2.0,1.77,2,1
2023/2024,Bulgaria First League,2024-05-23,14:15:00,complete,CSKA Sofia,Cherno More,2.91,4.69,1.81,2.25,1.53,2.1,1.7,0,1
2023/2024,Bulgaria First League,2024-05-25,14:30:00,complete,Botev Vratsa,Beroe,1.6,3.8,4.6,1.8,1.95,2.05,1.73,1,0
2023/2024,Bulgaria First League,2024-05-25,14:30:00,complete,Lokomotiv Sofia 1929,OFK Pirin,4.2,3.7,1.73,1.85,1.85,2.0,1.77,1,0
2023/2024,Bulgaria First League,2024-05-25,14:30:00,complete,Hebar 1918,Etar,1.44,4.2,6.0,1.85,1.85,2.07,1.72,3,1
2023/2024,Bulgaria First League,2024-05-26,12:00:00,complete,Levski Sofia,Ludogorets,2.15,3.16,2.77,1.73,2.03,1.65,2.1,1,0
2023/2024,Bulgaria First League,2024-05-26,12:30:00,complete,Cherno More,Levski Krumovgrad,1.33,4.5,7.64,1.8,1.9,2.1,1.67,3,1
2023/2024,Bulgaria First League,2024-05-26,14:30:00,complete,Lokomotiv Plovdiv,CSKA Sofia,3.6,3.6,1.77,1.92,1.84,1.91,1.8,1,0
2023/2024,Bulgaria First League,2024-05-27,14:00:00,complete,Botev Plovdiv,Arda,3.62,3.43,1.85,1.56,2.32,1.55,2.38,0,1
2023/2024,Bulgaria First League,2024-05-27,14:00:00,complete,Slavia Sofia,CSKA 1948 Sofia,3.68,3.45,1.82,1.77,1.97,1.68,2.13,0,2
2023/2024,Bulgaria First League,2024-05-31,14:00:00,complete,CSKA Sofia,CSKA 1948 Sofia,1.85,3.1,4.2,2.0,1.7,1.97,1.79,0,2
2024/2025,Bulgaria First League,2024-07-19,12:45:00,complete,Cherno More,CSKA 1948 Sofia,1.7,3.3,5.5,2.25,1.62,2.1,1.67,0,0
2024/2025,Bulgaria First League,2024-07-19,15:15:00,complete,Levski Krumovgrad,Slavia Sofia,2.63,3.2,2.63,2.35,1.57,2.0,1.73,1,0
2024/2025,Bulgaria First League,2024-07-20,13:00:00,complete,Lokomotiv Plovdiv,Arda,2.35,3.1,3.2,2.35,1.57,1.91,1.8,1,0
2024/2025,Bulgaria First League,2024-07-20,15:15:00,complete,Lokomotiv Sofia 1929,Levski Sofia,7.5,4.0,1.45,2.1,1.7,2.25,1.57,1,6
2024/2025,Bulgaria First League,2024-07-21,13:00:00,complete,Botev Vratsa,Botev Plovdiv,3.9,3.4,1.95,1.95,1.85,1.73,2.0,1,3
2024/2025,Bulgaria First League,2024-07-21,15:15:00,complete,Ludogorets,CSKA Sofia,1.48,4.75,5.75,1.75,2.05,1.83,1.83,1,0
2024/2025,Bulgaria First League,2024-07-22,13:00:00,complete,Hebar 1918,Spartak Varna,3.4,3.0,2.3,2.4,1.53,2.0,1.73,0,2
2024/2025,Bulgaria First League,2024-07-22,15:15:00,complete,Septemvri Sofia,Beroe,2.9,2.9,2.7,2.5,1.5,2.1,1.67,0,1
2024/2025,Bulgaria First League,2024-07-26,13:00:00,complete,Arda,Levski Krumovgrad,2.25,3.3,3.3,2.25,1.62,1.91,1.8,1,0
2024/2025,Bulgaria First League,2024-07-26,15:15:00,complete,Levski Sofia,Botev Vratsa,1.14,7.0,21.0,1.62,2.25,2.75,1.4,4,0
2024/2025,Bulgaria First League,2024-07-27,13:00:00,complete,CSKA Sofia,Hebar 1918,1.13,7.5,21.0,1.44,2.7,2.5,1.5,3,1
2024/2025,Bulgaria First League,2024-07-28,13:00:00,complete,CSKA 1948 Sofia,Spartak Varna,2.2,3.0,3.6,2.4,1.53,2.0,1.73,2,2
2024/2025,Bulgaria First League,2024-07-28,15:15:00,complete,Botev Plovdiv,Lokomotiv Plovdiv,1.75,3.6,4.75,2.05,1.75,1.91,1.8,2,2
2024/2025,Bulgaria First League,2024-07-29,13:00:00,complete,Beroe,Lokomotiv Sofia 1929,1.9,3.2,4.5,2.7,1.44,2.25,1.57,0,0
2024/2025,Bulgaria First League,2024-07-29,15:15:00,complete,Cherno More,Septemvri Sofia,1.3,5.0,11.0,1.85,1.95,2.38,1.53,2,0
2024/2025,Bulgaria First League,2024-08-02,13:00:00,complete,Hebar 1918,Slavia Sofia,8.0,4.0,1.57,2.44,1.66,2.46,1.65,1,1
2024/2025,Bulgaria First League,2024-08-02,15:15:00,complete,Lokomotiv Plovdiv,Levski Sofia,5.75,3.7,1.6,2.1,1.7,2.1,1.67,0,2
2024/2025,Bulgaria First League,2024-08-03,13:00:00,complete,Spartak Varna,CSKA Sofia,7.0,3.8,1.53,2.08,1.73,2.2,1.62,3,0
2024/2025,Bulgaria First League,2024-08-03,15:15:00,complete,Ludogorets,Arda,1.42,4.5,7.5,1.67,2.15,1.91,1.8,5,1
2024/2025,Bulgaria First League,2024-08-04,13:00:00,complete,Lokomotiv Sofia 1929,Cherno More,5.75,3.75,1.6,2.0,1.8,1.91,1.8,2,1
2024/2025,Bulgaria First League,2024-08-04,15:15:00,complete,Levski Krumovgrad,Botev Plovdiv,3.4,3.4,2.1,2.08,1.73,1.83,1.83,0,1
2024/2025,Bulgaria First League,2024-08-05,15:15:00,complete,Botev Vratsa,Beroe,2.8,3.2,2.55,2.4,1.53,2.0,1.73,1,2
2024/2025,Bulgaria First League,2024-08-09,13:00:00,complete,Slavia Sofia,Spartak Varna,2.5,3.1,2.9,2.35,1.57,2.0,1.73,3,1
2024/2025,Bulgaria First League,2024-08-09,15:15:00,complete,Arda,Hebar 1918,1.45,4.1,7.5,2.2,1.65,2.5,1.5,2,1
2024/2025,Bulgaria First League,2024-08-10,13:00:00,complete,Beroe,Lokomotiv Plovdiv,2.6,3.25,2.7,2.35,1.57,2.0,1.73,0,2
2024/2025,Bulgaria First League,2024-08-10,15:15:00,complete,Levski Sofia,Levski Krumovgrad,1.3,5.5,8.5,1.8,2.0,2.38,1.53,3,0
2024/2025,Bulgaria First League,2024-08-12,13:00:00,complete,Septemvri Sofia,Lokomotiv Sofia 1929,3.2,2.9,2.45,2.5,1.5,2.1,1.67,0,1
2024/2025,Bulgaria First League,2024-08-12,15:15:00,complete,Cherno More,Botev Vratsa,1.36,4.5,10.0,1.8,2.0,2.2,1.62,2,1
2024/2025,Bulgaria First League,2024-08-16,13:00:00,complete,Spartak Varna,Arda,2.1,3.5,3.3,2.2,1.65,2.0,1.73,1,0
2024/2025,Bulgaria First League,2024-08-16,15:15:00,complete,Levski Krumovgrad,Beroe,2.1,3.1,3.8,2.7,1.44,2.2,1.62,0,1
2024/2025,Bulgaria First League,2024-08-17,13:00:00,complete,CSKA Sofia,Slavia Sofia,1.5,4.0,7.0,1.95,1.85,2.1,1.67,0,1
2024/2025,Bulgaria First League,2024-08-17,15:15:00,complete,Ludogorets,Levski Sofia,2.35,3.3,3.0,1.85,1.95,1.67,2.1,1,0
2024/2025,Bulgaria First League,2024-08-18,13:00:00,complete,Lokomotiv Sofia 1929,CSKA 1948 Sofia,3.6,3.3,2.05,2.4,1.53,2.1,1.67,0,0
2024/2025,Bulgaria First League,2024-08-18,15:15:00,complete,Hebar 1918,Botev Plovdiv,11.0,5.3,1.37,1.84,2.08,2.22,1.69,0,1
2024/2025,Bulgaria First League,2024-08-19,13:00:00,complete,Botev Vratsa,Septemvri Sofia,1.5,4.0,6.25,2.0,1.8,2.1,1.67,2,0
2024/2025,Bulgaria First League,2024-08-19,15:15:00,complete,Lokomotiv Plovdiv,Cherno More,3.4,3.25,2.2,2.25,1.62,1.91,1.8,1,2
2024/2025,Bulgaria First League,2024-08-23,13:00:00,complete,Lokomotiv Sofia 1929,Botev Vratsa,2.25,3.2,3.4,2.4,1.53,2.0,1.73,0,1
2024/2025,Bulgaria First League,2024-08-23,15:15:00,complete,Levski Sofia,Hebar 1918,1.08,10.0,23.0,1.4,2.88,3.0,1.36,1,0
2024/2025,Bulgaria First League,2024-08-24,13:00:00,complete,Arda,CSKA Sofia,3.9,3.3,2.0,2.35,1.57,2.1,1.67,2,1
2024/2025,Bulgaria First League,2024-08-24,15:15:00,complete,Botev Plovdiv,Spartak Varna,1.73,3.75,4.75,1.95,1.85,1.83,1.83,0,1
2024/2025,Bulgaria First League,2024-08-25,13:00:00,complete,CSKA 1948 Sofia,Slavia Sofia,2.25,3.3,3.2,2.3,1.6,2.0,1.73,2,0
2024/2025,Bulgaria First League,2024-08-25,15:15:00,complete,Beroe,Ludogorets,8.0,4.5,1.38,1.95,1.85,2.2,1.62,0,1
2024/2025,Bulgaria First League,2024-08-26,13:00:00,complete,Septemvri Sofia,Lokomotiv Plovdiv,5.25,3.9,1.62,2.08,1.73,2.1,1.67,2,3
2024/2025,Bulgaria First League,2024-08-26,15:15:00,complete,Cherno More,Levski Krumovgrad,1.42,4.2,7.5,1.95,1.85,2.2,1.62,3,0
2024/2025,Bulgaria First League,2024-08-30,11:00:00,complete,Slavia Sofia,Arda,1.8,3.25,5.0,2.35,1.57,2.2,1.62,1,1
2024/2025,Bulgaria First League,2024-08-30,13:15:00,complete,Botev Vratsa,CSKA 1948 Sofia,3.75,3.1,2.1,2.25,1.62,1.91,1.8,0,3
2024/2025,Bulgaria First League,2024-08-30,15:30:00,complete,CSKA Sofia,Botev Plovdiv,1.8,3.75,4.1,1.73,2.08,1.67,2.1,0,1
2024/2025,Bulgaria First League,2024-08-31,13:00:00,complete,Spartak Varna,Levski Sofia,5.75,3.7,1.62,2.2,1.65,2.2,1.62,0,0
2024/2025,Bulgaria First League,2024-08-31,15:15:00,complete,Levski Krumovgrad,Septemvri Sofia,1.48,4.5,6.5,2.0,1.8,2.2,1.62,2,0
2024/2025,Bulgaria First League,2024-09-01,11:00:00,complete,Lokomotiv Plovdiv,Lokomotiv Sofia 1929,1.9,3.3,4.33,2.2,1.65,2.0,1.73,1,1
2024/2025,Bulgaria First League,2024-09-01,13:15:00,complete,Hebar 1918,Beroe,4.75,2.9,1.75,2.6,1.44,2.38,1.5,3,1
2024/2025,Bulgaria First League,2024-09-01,15:30:00,complete,Ludogorets,Cherno More,1.57,3.8,6.25,2.0,1.8,2.0,1.73,0,0
2024/2025,Bulgaria First League,2024-09-13,11:00:00,complete,Lokomotiv Plovdiv,Hebar 1918,1.53,3.9,6.5,2.0,1.8,2.0,1.73,3,3
2024/2025,Bulgaria First League,2024-09-13,13:30:00,complete,Botev Vratsa,Spartak Varna,3.0,2.75,2.75,2.7,1.44,2.1,1.67,1,1
2024/2025,Bulgaria First League,2024-09-14,11:30:00,complete,Septemvri Sofia,Slavia Sofia,5.0,3.6,1.73,2.2,1.65,2.1,1.67,3,2
2024/2025,Bulgaria First League,2024-09-14,14:00:00,complete,Beroe,Botev Plovdiv,4.5,2.8,2.0,3.1,1.36,2.5,1.5,0,1
2024/2025,Bulgaria First League,2024-09-15,11:00:00,complete,Cherno More,Arda,1.6,3.7,6.25,2.2,1.65,2.2,1.62,1,1
2024/2025,Bulgaria First League,2024-09-15,13:15:00,complete,CSKA 1948 Sofia,Levski Sofia,4.5,3.3,1.83,2.3,1.6,2.1,1.67,2,4
2024/2025,Bulgaria First League,2024-09-15,15:30:00,complete,Levski Krumovgrad,Ludogorets,9.5,4.33,1.38,1.85,1.95,2.2,1.62,0,3
2024/2025,Bulgaria First League,2024-09-16,13:45:00,complete,Lokomotiv Sofia 1929,CSKA Sofia,6.25,4.33,1.5,1.9,1.9,2.0,1.73,0,3
2024/2025,Bulgaria First League,2024-09-18,11:30:00,complete,Slavia Sofia,Ludogorets,7.5,4.1,1.45,1.95,1.85,2.1,1.67,0,1
2024/2025,Bulgaria First League,2024-09-19,11:00:00,complete,Lokomotiv Plovdiv,CSKA 1948 Sofia,2.7,3.1,2.7,2.35,1.57,2.0,1.73,0,2
2024/2025,Bulgaria First League,2024-09-20,11:00:00,complete,Hebar 1918,Septemvri Sofia,2.25,3.1,3.5,2.4,1.53,2.1,1.67,1,2
2024/2025,Bulgaria First League,2024-09-21,11:30:00,complete,CSKA Sofia,Beroe,1.2,6.5,12.0,1.8,2.0,2.75,1.4,1,0
2024/2025,Bulgaria First League,2024-09-21,14:00:00,complete,Ludogorets,Lokomotiv Sofia 1929,1.14,8.5,17.0,1.53,2.4,2.63,1.44,2,0
2024/2025,Bulgaria First League,2024-09-22,11:30:00,complete,Slavia Sofia,Levski Sofia,6.5,3.8,1.55,2.15,1.67,2.2,1.62,0,1
2024/2025,Bulgaria First League,2024-09-22,14:00:00,complete,Spartak Varna,Cherno More,3.7,3.25,2.1,2.4,1.53,2.1,1.67,0,2
2024/2025,Bulgaria First League,2024-09-23,11:30:00,complete,Levski Krumovgrad,Botev Vratsa,1.85,3.2,4.75,2.35,1.57,2.1,1.67,3,0
2024/2025,Bulgaria First League,2024-09-23,14:00:00,complete,Arda,Botev Plovdiv,2.55,3.3,2.7,2.25,1.62,1.91,1.8,1,0
2024/2025,Bulgaria First League,2024-09-25,11:30:00,complete,Septemvri Sofia,CSKA 1948 Sofia,10.0,4.1,1.38,2.25,1.62,2.63,1.44,1,1
2024/2025,Bulgaria First League,2024-09-27,11:30:00,complete,Lokomotiv Sofia 1929,Hebar 1918,1.73,3.5,5.0,2.15,1.67,2.0,1.73,0,0
2024/2025,Bulgaria First League,2024-09-27,14:00:00,complete,Beroe,Slavia Sofia,2.7,3.0,2.8,2.6,1.48,2.1,1.67,1,0
2024/2025,Bulgaria First League,2024-09-28,11:00:00,complete,Lokomotiv Plovdiv,Levski Krumovgrad,2.15,3.2,3.4,2.15,1.67,1.83,1.83,0,2
2024/2025,Bulgaria First League,2024-09-28,14:00:00,complete,Cherno More,CSKA Sofia,2.35,3.3,3.0,2.35,1.57,2.0,1.73,0,0
2024/2025,Bulgaria First League,2024-09-29,10:15:00,complete,CSKA 1948 Sofia,Botev Plovdiv,2.5,3.2,2.88,2.15,1.67,1.83,1.83,0,1
2024/2025,Bulgaria First League,2024-09-29,12:45:00,complete,Levski Sofia,Arda,1.33,5.0,9.0,1.95,1.85,2.38,1.53,2,1
2024/2025,Bulgaria First League,2024-09-29,15:15:00,complete,Botev Vratsa,Ludogorets,15.0,6.0,1.11,1.6,2.2,2.7,1.4,0,2
2024/2025,Bulgaria First League,2024-09-30,14:00:00,complete,Septemvri Sofia,Spartak Varna,3.0,3.2,2.4,2.35,1.57,2.0,1.73,0,1
2024/2025,Bulgaria First League,2024-10-04,09:00:00,complete,Levski Krumovgrad,CSKA 1948 Sofia,3.0,3.1,2.5,2.7,1.44,2.2,1.62,1,1
2024/2025,Bulgaria First League,2024-10-04,11:30:00,complete,Arda,Beroe,1.8,3.25,5.0,2.88,1.4,2.63,1.44,1,1
2024/2025,Bulgaria First League,2024-10-04,14:00:00,complete,Slavia Sofia,Cherno More,4.33,3.4,1.83,2.3,1.6,2.1,1.67,1,0
2024/2025,Bulgaria First League,2024-10-05,11:30:00,complete,CSKA Sofia,Septemvri Sofia,1.22,5.5,13.0,1.67,2.15,2.38,1.53,0,1
2024/2025,Bulgaria First League,2024-10-05,14:00:00,complete,Botev Plovdiv,Levski Sofia,3.3,3.2,2.25,2.4,1.53,2.1,1.67,1,0
2024/2025,Bulgaria First League,2024-10-06,09:00:00,complete,Hebar 1918,Botev Vratsa,3.1,2.8,2.63,2.7,1.44,2.1,1.67,1,1
2024/2025,Bulgaria First League,2024-10-06,11:30:00,complete,Spartak Varna,Lokomotiv Sofia 1929,1.95,3.25,4.2,2.3,1.6,2.1,1.67,3,2
2024/2025,Bulgaria First League,2024-10-06,14:00:00,complete,Ludogorets,Lokomotiv Plovdiv,1.2,6.5,13.0,1.73,2.08,2.75,1.4,1,0
2024/2025,Bulgaria First League,2024-10-18,11:00:00,complete,Beroe,Spartak Varna,2.63,3.0,2.88,2.88,1.4,2.25,1.57,3,0
2024/2025,Bulgaria First League,2024-10-18,13:30:00,complete,Botev Vratsa,Lokomotiv Plovdiv,2.7,2.88,2.88,2.4,1.53,2.0,1.73,0,0
2024/2025,Bulgaria First League,2024-10-19,06:45:00,complete,Lokomotiv Sofia 1929,Levski Krumovgrad,2.9,3.1,2.5,2.35,1.57,2.0,1.73,0,0
2024/2025,Bulgaria First League,2024-10-19,09:45:00,complete,Levski Sofia,CSKA Sofia,2.2,3.3,3.25,2.25,1.62,2.0,1.73,1,0
2024/2025,Bulgaria First League,2024-10-19,12:45:00,complete,Botev Plovdiv,Slavia Sofia,1.8,3.3,4.75,2.2,1.65,2.0,1.73,1,0
2024/2025,Bulgaria First League,2024-10-20,10:45:00,complete,Cherno More,Hebar 1918,1.2,7.0,11.0,1.57,2.35,2.25,1.57,1,0
2024/2025,Bulgaria First League,2024-10-20,13:15:00,complete,Septemvri Sofia,Ludogorets,17.0,5.75,1.18,1.8,2.0,2.75,1.4,0,2
2024/2025,Bulgaria First League,2024-10-21,12:00:00,complete,CSKA 1948 Sofia,Arda,2.1,3.0,3.9,2.4,1.53,2.0,1.73,1,2
2024/2025,Bulgaria First League,2024-10-23,11:30:00,complete,Spartak Varna,Lokomotiv Plovdiv,2.2,3.1,3.5,2.2,1.65,1.83,1.83,1,0
2024/2025,Bulgaria First League,2024-10-24,09:00:00,complete,Slavia Sofia,Lokomotiv Sofia 1929,1.73,3.5,5.0,2.25,1.62,2.1,1.67,3,2
2024/2025,Bulgaria First League,2024-10-24,11:30:00,complete,CSKA Sofia,Botev Vratsa,1.27,5.5,10.0,1.85,1.95,2.5,1.5,2,0
2024/2025,Bulgaria First League,2024-10-25,08:00:00,complete,Arda,Septemvri Sofia,1.5,4.1,6.25,1.9,1.9,2.0,1.73,2,1
2024/2025,Bulgaria First League,2024-10-25,10:30:00,complete,Botev Plovdiv,Cherno More,1.85,3.1,4.75,2.6,1.48,2.25,1.57,1,0
2024/2025,Bulgaria First League,2024-10-25,13:00:00,complete,Levski Sofia,Beroe,1.33,4.33,11.0,2.1,1.7,2.63,1.44,0,2
2024/2025,Bulgaria First League,2024-10-26,08:00:00,complete,Hebar 1918,Levski Krumovgrad,3.75,3.1,2.05,2.55,1.5,2.1,1.67,0,0
2024/2025,Bulgaria First League,2024-10-28,13:00:00,complete,Ludogorets,CSKA 1948 Sofia,1.27,4.75,17.0,2.2,1.65,3.4,1.3,3,0
2024/2025,Bulgaria First League,2024-11-01,12:30:00,complete,Botev Vratsa,Slavia Sofia,3.5,3.1,2.25,2.6,1.48,2.1,1.67,3,2
2024/2025,Bulgaria First League,2024-11-02,07:00:00,complete,Lokomotiv Sofia 1929,Arda,3.4,3.1,2.25,2.5,1.5,2.1,1.67,0,2
2024/2025,Bulgaria First League,2024-11-02,09:30:00,complete,Lokomotiv Plovdiv,CSKA Sofia,5.75,3.9,1.6,2.15,1.67,2.1,1.67,2,2
2024/2025,Bulgaria First League,2024-11-02,12:00:00,complete,Levski Krumovgrad,Spartak Varna,2.35,3.0,3.3,2.6,1.48,2.1,1.67,0,1
2024/2025,Bulgaria First League,2024-11-03,07:30:00,complete,CSKA 1948 Sofia,Beroe,1.8,3.4,4.75,2.6,1.48,2.5,1.5,1,1
2024/2025,Bulgaria First League,2024-11-03,10:00:00,complete,Ludogorets,Hebar 1918,1.08,9.5,34.0,1.44,2.7,3.4,1.3,3,0
2024/2025,Bulgaria First League,2024-11-03,12:30:00,complete,Cherno More,Levski Sofia,3.2,3.0,2.4,2.6,1.48,2.1,1.67,2,1
2024/2025,Bulgaria First League,2024-11-04,12:30:00,complete,Septemvri Sofia,Botev Plovdiv,7.0,4.2,1.48,2.0,1.8,2.2,1.62,1,0
2024/2025,Bulgaria First League,2024-11-07,12:30:00,complete,CSKA 1948 Sofia,CSKA Sofia,4.33,3.4,1.85,2.1,1.7,1.91,1.8,1,3
2024/2025,Bulgaria First League,2024-11-08,10:00:00,complete,Arda,Botev Vratsa,1.55,3.8,6.25,2.15,1.67,2.25,1.57,2,0
2024/2025,Bulgaria First League,2024-11-08,12:30:00,complete,Botev Plovdiv,Lokomotiv Sofia 1929,1.36,4.75,8.5,1.95,1.85,2.38,1.53,2,0
2024/2025,Bulgaria First League,2024-11-09,07:30:00,complete,Slavia Sofia,Lokomotiv Plovdiv,1.9,3.4,4.33,1.9,1.9,1.73,2.0,2,1
2024/2025,Bulgaria First League,2024-11-09,10:00:00,complete,Beroe,Cherno More,3.5,3.1,2.15,2.88,1.4,2.38,1.53,0,1
2024/2025,Bulgaria First League,2024-11-09,12:30:00,complete,Levski Sofia,Septemvri Sofia,1.17,7.0,17.0,1.62,2.25,2.75,1.4,2,3
2024/2025,Bulgaria First League,2024-11-10,07:30:00,complete,Hebar 1918,CSKA 1948 Sofia,5.5,3.75,1.57,2.1,1.65,2.05,1.73,1,1
2024/2025,Bulgaria First League,2024-11-10,10:00:00,complete,CSKA Sofia,Levski Krumovgrad,1.3,5.5,8.5,1.95,1.85,2.63,1.44,2,2
2024/2025,Bulgaria First League,2024-11-10,12:30:00,complete,Spartak Varna,Ludogorets,8.0,3.9,1.45,2.15,1.67,2.38,1.53,1,3
2024/2025,Bulgaria First League,2024-11-22,12:00:00,complete,Spartak Varna,Hebar 1918,1.45,4.0,8.0,2.1,1.7,2.38,1.53,4,0
2024/2025,Bulgaria First League,2024-11-23,07:30:00,complete,Arda,Lokomotiv Plovdiv,1.83,3.1,5.25,2.7,1.44,2.38,1.53,4,2
2024/2025,Bulgaria First League,2024-11-23,10:00:00,complete,Botev Plovdiv,Botev Vratsa,1.25,5.25,13.0,1.95,1.85,2.63,1.44,3,1
2024/2025,Bulgaria First League,2024-11-23,12:30:00,complete,Levski Sofia,Lokomotiv Sofia 1929,1.22,5.5,15.0,1.73,2.08,2.5,1.5,2,0
2024/2025,Bulgaria First League,2024-11-24,07:15:00,complete,Beroe,Septemvri Sofia,1.7,3.3,5.75,2.4,1.53,2.25,1.57,2,0
2024/2025,Bulgaria First League,2024-11-24,09:30:00,complete,CSKA 1948 Sofia,Cherno More,3.0,3.0,2.55,2.7,1.44,2.2,1.62,0,4
2024/2025,Bulgaria First League,2024-11-24,12:00:00,complete,CSKA Sofia,Ludogorets,3.6,3.1,2.2,2.35,1.57,2.0,1.73,2,2
2024/2025,Bulgaria First League,2024-11-25,12:30:00,complete,Slavia Sofia,Levski Krumovgrad,1.73,3.5,5.0,2.25,1.62,2.1,1.67,0,1
2024/2025,Bulgaria First League,2024-11-29,09:30:00,complete,Spartak Varna,CSKA 1948 Sofia,2.2,3.5,3.2,1.85,1.95,1.67,2.1,1,1
2024/2025,Bulgaria First League,2024-11-29,12:00:00,complete,Septemvri Sofia,Cherno More,5.75,4.2,1.53,1.95,1.85,2.1,1.67,1,2
2024/2025,Bulgaria First League,2024-11-30,07:30:00,complete,Lokomotiv Sofia 1929,Beroe,3.4,2.9,2.38,2.88,1.4,2.25,1.57,2,1
2024/2025,Bulgaria First League,2024-11-30,10:00:00,complete,Botev Vratsa,Levski Sofia,8.0,4.33,1.4,2.0,1.8,2.25,1.57,0,2
2024/2025,Bulgaria First League,2024-11-30,12:30:00,complete,Hebar 1918,CSKA Sofia,11.0,4.33,1.33,1.95,1.85,2.25,1.57,0,1
2024/2025,Bulgaria First League,2024-12-01,07:30:00,complete,Lokomotiv Plovdiv,Botev Plovdiv,3.8,3.3,2.0,2.2,1.65,2.0,1.73,0,1
2024/2025,Bulgaria First League,2024-12-01,10:00:00,complete,Levski Krumovgrad,Arda,3.3,3.0,2.35,2.88,1.4,2.25,1.57,0,0
2024/2025,Bulgaria First League,2024-12-01,12:30:00,complete,Ludogorets,Slavia Sofia,1.2,6.5,11.0,1.75,2.05,2.75,1.4,2,0
2024/2025,Bulgaria First League,2024-12-03,07:30:00,complete,CSKA 1948 Sofia,Septemvri Sofia,1.44,4.75,6.25,1.75,2.05,2.0,1.73,2,0
2024/2025,Bulgaria First League,2024-12-03,10:00:00,complete,Cherno More,Lokomotiv Sofia 1929,1.42,4.2,8.0,2.2,1.65,2.5,1.5,4,0
2024/2025,Bulgaria First League,2024-12-03,12:30:00,complete,CSKA Sofia,Spartak Varna,1.42,4.5,7.0,1.8,2.0,2.1,1.67,3,1
2024/2025,Bulgaria First League,2024-12-04,07:30:00,complete,Beroe,Botev Vratsa,1.6,3.5,6.5,2.4,1.53,2.63,1.44,5,1
2024/2025,Bulgaria First League,2024-12-04,10:00:00,complete,Arda,Ludogorets,7.0,3.7,1.57,2.4,1.53,2.5,1.5,0,4
2024/2025,Bulgaria First League,2024-12-04,12:30:00,complete,Levski Sofia,Lokomotiv Plovdiv,1.3,5.25,9.5,1.85,1.95,2.38,1.53,2,1
2024/2025,Bulgaria First League,2024-12-05,10:00:00,complete,Slavia Sofia,Hebar 1918,1.5,4.0,7.0,2.1,1.7,2.25,1.57,3,2
2024/2025,Bulgaria First League,2024-12-05,12:30:00,complete,Botev Plovdiv,Levski Krumovgrad,1.4,4.33,8.0,2.1,1.7,2.5,1.5,1,0
2024/2025,Bulgaria First League,2024-12-07,07:30:00,complete,Lokomotiv Plovdiv,Beroe,3.0,3.25,2.45,2.35,1.57,2.0,1.73,1,2
2024/2025,Bulgaria First League,2024-12-07,10:00:00,complete,Botev Vratsa,Cherno More,6.5,4.2,1.5,2.2,1.65,2.5,1.5,2,3
2024/2025,Bulgaria First League,2024-12-07,12:30:00,complete,CSKA Sofia,CSKA 1948 Sofia,1.48,4.2,7.0,1.73,2.08,1.83,1.83,2,2
2024/2025,Bulgaria First League,2024-12-08,07:00:00,complete,Lokomotiv Sofia 1929,Septemvri Sofia,2.0,3.3,4.0,2.0,1.8,1.8,1.91,1,2
2024/2025,Bulgaria First League,2024-12-08,09:30:00,complete,Levski Krumovgrad,Levski Sofia,8.0,3.8,1.48,2.15,1.67,2.38,1.53,0,2
2024/2025,Bulgaria First League,2024-12-08,12:00:00,complete,Ludogorets,Botev Plovdiv,1.38,4.2,10.0,2.1,1.7,2.5,1.5,3,0
2024/2025,Bulgaria First League,2024-12-09,09:45:00,complete,Hebar 1918,Arda,6.25,3.5,1.62,2.4,1.53,2.38,1.53,0,2
2024/2025,Bulgaria First League,2024-12-09,12:00:00,complete,Spartak Varna,Slavia Sofia,2.1,3.6,3.3,1.8,2.0,1.67,2.1,1,3
2024/2025,Bulgaria First League,2024-12-19,12:00:00,complete,Botev Plovdiv,Ludogorets,3.9,3.3,2.0,2.35,1.57,2.2,1.62,2,4
2024/2025,Bulgaria First League,2025-02-07,12:30:00,complete,Arda,Spartak Varna,1.85,3.25,3.7,2.05,1.61,2.1,1.67,2,2
2024/2025,Bulgaria First League,2025-02-08,07:30:00,complete,Septemvri Sofia,Botev Vratsa,2.12,3.23,3.45,2.15,1.57,2.0,1.73,2,2
2024/2025,Bulgaria First League,2025-02-08,10:00:00,complete,Cherno More,Lokomotiv Plovdiv,1.42,3.98,8.9,2.05,1.61,2.25,1.57,1,2
2024/2025,Bulgaria First League,2025-02-08,12:30:00,complete,Slavia Sofia,CSKA Sofia,4.5,3.71,1.73,1.92,1.82,1.83,1.83,1,0
2024/2025,Bulgaria First League,2025-02-09,07:00:00,complete,CSKA 1948 Sofia,Lokomotiv Sofia 1929,1.52,4.0,6.2,1.95,1.79,2.0,1.73,1,4
2024/2025,Bulgaria First League,2025-02-09,09:30:00,complete,Botev Plovdiv,Hebar 1918,1.23,5.4,14.0,1.77,1.98,2.5,1.5,1,1
2024/2025,Bulgaria First League,2025-02-09,12:15:00,complete,Levski Sofia,Ludogorets,3.45,3.29,2.1,2.25,1.5,2.1,1.67,2,1
2024/2025,Bulgaria First League,2025-02-10,12:30:00,complete,Beroe,Levski Krumovgrad,1.72,3.47,5.0,2.25,1.53,2.2,1.62,0,0
2024/2025,Bulgaria First League,2025-02-14,12:30:00,complete,Botev Vratsa,Lokomotiv Sofia 1929,2.14,3.09,3.58,1.94,1.8,2.0,1.73,0,3
2024/2025,Bulgaria First League,2025-02-15,07:30:00,complete,Levski Krumovgrad,Cherno More,5.5,3.5,1.66,2.23,1.58,2.25,1.57,1,1
2024/2025,Bulgaria First League,2025-02-15,10:00:00,complete,Spartak Varna,Botev Plovdiv,2.98,3.18,2.38,1.92,1.82,1.83,1.83,1,0
2024/2025,Bulgaria First League,2025-02-15,12:30:00,complete,Hebar 1918,Levski Sofia,7.9,4.4,1.39,1.94,1.8,2.5,1.5,1,4
2024/2025,Bulgaria First League,2025-02-16,07:30:00,complete,Lokomotiv Plovdiv,Septemvri Sofia,1.81,3.47,4.33,2.0,1.75,2.0,1.73,0,1
2024/2025,Bulgaria First League,2025-02-16,10:00:00,complete,Ludogorets,Beroe,1.33,4.6,10.0,1.92,1.82,2.63,1.44,2,1
2024/2025,Bulgaria First League,2025-02-16,12:30:00,complete,CSKA Sofia,Arda,1.39,4.3,8.5,1.98,1.77,2.1,1.67,2,0
2024/2025,Bulgaria First League,2025-02-17,13:00:00,complete,Slavia Sofia,CSKA 1948 Sofia,2.2,3.19,3.32,1.94,1.8,1.8,1.91,1,1
2024/2025,Bulgaria First League,2025-02-21,07:45:00,complete,CSKA 1948 Sofia,Botev Vratsa,1.49,4.3,5.9,1.87,1.87,2.0,1.73,1,0
2024/2025,Bulgaria First League,2025-02-21,10:15:00,complete,Beroe,Hebar 1918,1.53,4.2,5.7,2.1,1.6,2.25,1.57,2,1
2024/2025,Bulgaria First League,2025-02-21,12:45:00,complete,Levski Sofia,Spartak Varna,1.3,5.0,10.0,1.82,1.92,2.38,1.53,2,0
2024/2025,Bulgaria First League,2025-02-22,07:30:00,complete,Arda,Slavia Sofia,2.0,3.3,3.75,2.15,1.6,2.0,1.73,1,1
2024/2025,Bulgaria First League,2025-02-22,10:00:00,complete,Botev Plovdiv,CSKA Sofia,2.68,3.08,2.68,2.1,1.61,1.83,1.83,0,3
2024/2025,Bulgaria First League,2025-02-22,12:30:00,complete,Cherno More,Ludogorets,3.71,3.37,1.99,2.37,1.48,2.2,1.62,1,1
2024/2025,Bulgaria First League,2025-02-23,12:00:00,complete,Lokomotiv Sofia 1929,Lokomotiv Plovdiv,2.32,3.21,3.04,2.05,1.61,1.83,1.83,0,1
2024/2025,Bulgaria First League,2025-02-24,12:30:00,complete,Septemvri Sofia,Levski Krumovgrad,2.47,2.92,3.1,2.2,1.55,1.83,1.83,1,0
2024/2025,Bulgaria First League,2025-03-01,07:00:00,complete,Levski Krumovgrad,Lokomotiv Sofia 1929,2.63,3.11,2.71,2.2,1.55,2.0,1.73,0,2
2024/2025,Bulgaria First League,2025-03-01,09:30:00,complete,Lokomotiv Plovdiv,Botev Vratsa,1.75,3.5,4.75,1.98,1.77,2.0,1.73,1,0
2024/2025,Bulgaria First League,2025-03-01,11:45:00,complete,Spartak Varna,Beroe,2.08,2.82,4.3,2.05,1.61,2.2,1.62,0,3
2024/2025,Bulgaria First League,2025-03-02,09:00:00,complete,CSKA Sofia,Levski Sofia,2.59,2.98,2.88,2.1,1.6,1.83,1.83,2,2
2024/2025,Bulgaria First League,2025-03-02,12:15:00,complete,Hebar 1918,Cherno More,8.0,4.0,1.44,2.05,1.61,2.63,1.44,0,1
2024/2025,Bulgaria First League,2025-03-03,07:30:00,complete,Arda,CSKA 1948 Sofia,1.86,3.36,4.3,1.98,1.77,1.83,1.83,1,0
2024/2025,Bulgaria First League,2025-03-03,10:00:00,complete,Slavia Sofia,Botev Plovdiv,2.86,3.02,2.57,1.98,1.77,1.83,1.83,3,2
2024/2025,Bulgaria First League,2025-03-03,12:30:00,complete,Ludogorets,Septemvri Sofia,1.08,9.7,23.0,1.37,2.85,2.63,1.44,0,0
2024/2025,Bulgaria First League,2025-03-07,12:30:00,complete,Botev Vratsa,Levski Krumovgrad,2.62,3.09,2.74,2.3,1.5,2.04,1.68,0,0
2024/2025,Bulgaria First League,2025-03-08,07:30:00,complete,CSKA 1948 Sofia,Lokomotiv Plovdiv,1.94,3.29,3.98,2.0,1.67,1.83,1.83,2,1
2024/2025,Bulgaria First League,2025-03-08,10:00:00,complete,Beroe,CSKA Sofia,5.0,3.58,1.7,2.0,1.75,2.2,1.62,0,2
2024/2025,Bulgaria First League,2025-03-08,12:30:00,complete,Cherno More,Spartak Varna,1.53,4.0,6.0,1.98,1.77,2.0,1.73,1,1
2024/2025,Bulgaria First League,2025-03-09,07:00:00,complete,Botev Plovdiv,Arda,1.94,3.29,3.98,2.2,1.55,2.1,1.67,1,1
2024/2025,Bulgaria First League,2025-03-09,09:30:00,complete,Levski Sofia,Slavia Sofia,1.32,4.7,9.8,1.94,1.8,2.5,1.5,3,3
2024/2025,Bulgaria First League,2025-03-09,12:00:00,complete,Lokomotiv Sofia 1929,Ludogorets,8.5,5.0,1.33,1.92,1.82,2.38,1.53,1,2
2024/2025,Bulgaria First League,2025-03-10,12:30:00,complete,Septemvri Sofia,Hebar 1918,1.83,3.64,4.0,2.05,1.65,2.0,1.73,6,1
2024/2025,Bulgaria First League,2025-03-14,10:15:00,complete,Slavia Sofia,Beroe,2.25,3.41,3.01,2.1,1.61,1.91,1.8,2,1
2024/2025,Bulgaria First League,2025-03-14,12:45:00,complete,Levski Krumovgrad,Lokomotiv Plovdiv,2.61,3.31,2.61,2.0,1.75,2.1,1.67,0,0
2024/2025,Bulgaria First League,2025-03-15,07:30:00,complete,Hebar 1918,Lokomotiv Sofia 1929,3.99,3.39,1.91,2.28,1.55,2.1,1.67,2,1
2024/2025,Bulgaria First League,2025-03-15,10:00:00,complete,Ludogorets,Botev Vratsa,1.08,10.0,21.0,1.47,2.5,3.25,1.33,3,0
2024/2025,Bulgaria First League,2025-03-15,12:30:00,complete,CSKA Sofia,Cherno More,1.67,3.55,5.3,2.25,1.53,2.1,1.67,1,1
2024/2025,Bulgaria First League,2025-03-16,07:00:00,complete,Spartak Varna,Septemvri Sofia,2.11,3.31,3.41,1.89,1.85,2.0,1.73,4,2
2024/2025,Bulgaria First League,2025-03-16,09:30:00,complete,Botev Plovdiv,CSKA 1948 Sofia,1.67,3.62,5.1,1.89,1.85,1.91,1.8,0,5
2024/2025,Bulgaria First League,2025-03-16,12:00:00,complete,Arda,Levski Sofia,4.6,3.53,1.76,1.94,1.8,1.83,1.83,1,1
2024/2025,Bulgaria First League,2025-03-28,11:15:00,complete,Lokomotiv Sofia 1929,Spartak Varna,2.3,3.1,2.95,2.1,1.61,1.83,1.83,2,1
2024/2025,Bulgaria First League,2025-03-28,13:45:00,complete,Botev Vratsa,Hebar 1918,1.91,3.3,3.8,2.2,1.55,2.1,1.67,1,0
2024/2025,Bulgaria First League,2025-03-29,07:15:00,complete,CSKA 1948 Sofia,Levski Krumovgrad,1.8,3.3,4.3,2.3,1.5,2.5,1.5,4,1
2024/2025,Bulgaria First League,2025-03-29,09:45:00,complete,Cherno More,Slavia Sofia,1.62,3.2,5.25,2.3,1.5,2.38,1.53,1,1
2024/2025,Bulgaria First League,2025-03-29,12:15:00,complete,Septemvri Sofia,CSKA Sofia,9.8,4.7,1.33,1.82,1.92,2.25,1.57,0,1
2024/2025,Bulgaria First League,2025-03-30,07:30:00,complete,Beroe,Arda,3.04,2.78,2.62,2.75,1.39,2.2,1.62,1,4
2024/2025,Bulgaria First League,2025-03-30,10:00:00,complete,Lokomotiv Plovdiv,Ludogorets,7.8,4.2,1.42,1.94,1.8,2.2,1.62,1,0
2024/2025,Bulgaria First League,2025-03-30,12:30:00,complete,Levski Sofia,Botev Plovdiv,1.5,4.1,6.3,1.87,1.87,2.0,1.73,1,1
2024/2025,Bulgaria First League,2025-04-01,10:15:00,complete,Spartak Varna,Botev Vratsa,1.66,3.69,5.1,2.03,1.72,1.91,1.8,1,0
2024/2025,Bulgaria First League,2025-04-01,12:45:00,complete,Slavia Sofia,Septemvri Sofia,1.76,3.58,4.5,2.05,1.7,2.1,1.67,2,3
2024/2025,Bulgaria First League,2025-04-02,08:15:00,complete,Arda,Cherno More,2.81,3.04,2.6,2.3,1.5,2.1,1.67,4,0
2024/2025,Bulgaria First League,2025-04-02,10:45:00,complete,Botev Plovdiv,Beroe,1.84,3.5,4.2,2.2,1.57,2.1,1.67,0,0
2024/2025,Bulgaria First League,2025-04-02,13:15:00,complete,CSKA Sofia,Lokomotiv Sofia 1929,1.36,4.8,8.1,1.8,1.94,2.25,1.57,1,0
2024/2025,Bulgaria First League,2025-04-03,08:30:00,complete,Hebar 1918,Lokomotiv Plovdiv,3.41,3.28,2.11,2.15,1.57,1.91,1.8,0,0
2024/2025,Bulgaria First League,2025-04-03,11:00:00,complete,Ludogorets,Levski Krumovgrad,1.19,6.2,15.0,1.67,2.0,3.25,1.33,3,0
2024/2025,Bulgaria First League,2025-04-03,13:30:00,complete,Levski Sofia,CSKA 1948 Sofia,1.51,4.1,6.0,1.89,1.85,2.0,1.73,2,0
2024/2025,Bulgaria First League,2025-04-05,10:30:00,complete,Cherno More,Botev Plovdiv,1.9,3.4,4.0,1.91,1.83,2.0,1.73,1,1
2024/2025,Bulgaria First League,2025-04-05,13:00:00,complete,Botev Vratsa,CSKA Sofia,7.4,4.4,1.42,1.86,1.84,2.1,1.67,1,1
2024/2025,Bulgaria First League,2025-04-06,06:15:00,complete,Levski Krumovgrad,Hebar 1918,1.76,3.53,4.6,2.2,1.55,2.2,1.62,1,0
2024/2025,Bulgaria First League,2025-04-06,08:45:00,complete,Lokomotiv Sofia 1929,Slavia Sofia,2.75,3.05,2.65,1.95,1.7,1.79,1.92,3,2
2024/2025,Bulgaria First League,2025-04-06,11:15:00,complete,Beroe,Levski Sofia,4.75,3.64,1.71,2.13,1.63,1.92,1.79,0,1
2024/2025,Bulgaria First League,2025-04-07,09:00:00,complete,Septemvri Sofia,Arda,3.26,3.45,2.12,2.0,1.67,1.91,1.8,0,4
2024/2025,Bulgaria First League,2025-04-07,11:30:00,complete,Lokomotiv Plovdiv,Spartak Varna,2.14,3.41,3.23,2.1,1.6,1.91,1.8,1,2
2024/2025,Bulgaria First League,2025-04-07,14:00:00,complete,CSKA 1948 Sofia,Ludogorets,5.6,4.0,1.56,1.81,1.89,1.83,1.83,1,3
2024/2025,Bulgaria First League,2025-04-11,10:30:00,complete,Spartak Varna,Levski Krumovgrad,1.57,3.6,6.0,2.2,1.63,2.25,1.62,1,0
2024/2025,Bulgaria First League,2025-04-11,13:00:00,complete,Beroe,CSKA 1948 Sofia,2.37,3.0,2.75,2.2,1.58,1.85,1.81,2,0
2024/2025,Bulgaria First League,2025-04-12,08:00:00,complete,Botev Plovdiv,Septemvri Sofia,1.7,3.7,4.92,1.83,1.75,1.93,1.73,3,0
2024/2025,Bulgaria First League,2025-04-12,10:30:00,complete,CSKA Sofia,Lokomotiv Plovdiv,1.28,5.0,10.0,1.7,2.15,2.3,1.53,2,0
2024/2025,Bulgaria First League,2025-04-13,09:00:00,complete,Arda,Lokomotiv Sofia 1929,1.67,3.41,5.57,2.04,1.7,1.96,1.88,5,0
2024/2025,Bulgaria First League,2025-04-13,11:30:00,complete,Levski Sofia,Cherno More,1.61,3.25,5.25,2.35,1.5,2.43,1.5,1,2
2024/2025,Bulgaria First League,2025-04-14,11:30:00,complete,Slavia Sofia,Botev Vratsa,1.52,3.9,6.3,1.98,1.77,2.0,1.75,4,2
2024/2025,Bulgaria First League,2025-04-14,14:00:00,complete,Hebar 1918,Ludogorets,11.0,6.0,1.14,1.66,2.2,2.4,1.47,0,2
2024/2025,Bulgaria First League,2025-04-18,08:00:00,complete,Lokomotiv Sofia 1929,Botev Plovdiv,2.59,3.34,2.6,1.8,1.95,1.62,2.25,1,1
2024/2025,Bulgaria First League,2025-04-18,10:30:00,complete,Cherno More,Beroe,1.56,3.5,6.0,2.4,1.51,2.3,1.57,1,1
2024/2025,Bulgaria First League,2025-04-18,13:00:00,complete,Levski Krumovgrad,CSKA Sofia,10.0,4.6,1.3,2.04,1.8,2.56,1.51,1,0
2024/2025,Bulgaria First League,2025-04-19,08:00:00,complete,Botev Vratsa,Arda,5.46,3.55,1.65,2.08,1.73,1.95,1.75,3,1
2024/2025,Bulgaria First League,2025-04-19,10:30:00,complete,Lokomotiv Plovdiv,Slavia Sofia,2.62,3.09,2.85,2.16,1.67,1.83,1.85,0,1
2024/2025,Bulgaria First League,2025-04-19,13:00:00,complete,Ludogorets,Spartak Varna,1.22,5.5,14.0,1.8,2.05,2.35,1.55,2,1
2024/2025,Bulgaria First League,2025-04-21,10:30:00,complete,Septemvri Sofia,Levski Sofia,7.0,4.6,1.32,1.82,1.95,2.05,1.75,0,1
2024/2025,Bulgaria First League,2025-04-21,13:00:00,complete,CSKA 1948 Sofia,Hebar 1918,1.35,4.5,8.0,1.77,2.1,1.9,1.83,1,3
2024/2025,Bulgaria First League,2025-04-25,11:30:00,complete,Slavia Sofia,Hebar 1918,1.58,3.96,5.4,1.82,1.92,2.0,1.75,3,2
2024/2025,Bulgaria First League,2025-04-25,14:00:00,complete,Lokomotiv Sofia 1929,Levski Krumovgrad,1.65,3.61,5.4,2.35,1.57,2.32,1.55,3,0
2024/2025,Bulgaria First League,2025-04-26,11:30:00,complete,Spartak Varna,CSKA Sofia,4.5,3.7,1.6,1.98,1.72,2.0,1.72,0,1
2024/2025,Bulgaria First League,2025-04-26,14:00:00,complete,Levski Sofia,Arda,1.61,3.57,5.9,2.1,1.67,1.87,1.58,1,1
2024/2025,Bulgaria First League,2025-04-27,09:15:00,complete,Botev Plovdiv,Beroe,1.86,3.25,3.9,2.19,1.62,2.05,1.68,1,1
2024/2025,Bulgaria First League,2025-04-27,14:45:00,complete,Ludogorets,Cherno More,1.45,3.9,7.5,2.15,1.65,2.4,1.51,2,0
2024/2025,Bulgaria First League,2025-04-28,11:30:00,complete,Septemvri Sofia,Lokomotiv Plovdiv,3.35,3.25,2.16,2.2,1.55,1.85,1.85,2,0
2024/2025,Bulgaria First League,2025-04-28,14:00:00,complete,CSKA 1948 Sofia,Botev Vratsa,1.53,4.1,5.5,1.65,2.09,1.8,1.83,0,1
2024/2025,Bulgaria First League,2025-05-01,13:30:00,complete,Hebar 1918,Levski Krumovgrad,2.3,2.9,3.08,2.3,1.57,1.94,1.77,1,3
2024/2025,Bulgaria First League,2025-05-02,09:00:00,complete,Botev Vratsa,Septemvri Sofia,2.15,3.0,3.0,1.91,1.8,1.75,1.95,3,2
2024/2025,Bulgaria First League,2025-05-02,11:30:00,complete,Slavia Sofia,CSKA 1948 Sofia,2.3,3.15,2.85,2.1,1.6,1.75,2.04,0,1
2024/2025,Bulgaria First League,2025-05-02,14:00:00,complete,Lokomotiv Plovdiv,Lokomotiv Sofia 1929,1.8,3.3,4.33,2.05,1.73,1.91,1.8,1,1
2024/2025,Bulgaria First League,2025-05-03,11:00:00,complete,Beroe,CSKA Sofia,4.2,3.3,1.73,2.1,1.61,1.95,1.75,0,3
2024/2025,Bulgaria First League,2025-05-03,13:30:00,complete,Ludogorets,Levski Sofia,1.73,3.4,4.0,2.07,1.75,2.0,1.79,1,1
2024/2025,Bulgaria First League,2025-05-04,09:30:00,complete,Cherno More,Arda,1.91,3.01,4.0,2.55,1.49,2.19,1.7,1,1
2024/2025,Bulgaria First League,2025-05-04,12:00:00,complete,Botev Plovdiv,Spartak Varna,1.73,3.6,4.5,1.9,1.8,1.91,1.85,3,2
2024/2025,Bulgaria First League,2025-05-06,11:00:00,complete,Levski Krumovgrad,Lokomotiv Plovdiv,2.75,3.3,2.3,2.81,1.38,2.1,1.67,0,4
2024/2025,Bulgaria First League,2025-05-06,13:30:00,complete,Septemvri Sofia,Slavia Sofia,2.05,3.35,2.86,1.9,1.8,1.78,1.91,3,1
2024/2025,Bulgaria First League,2025-05-07,11:00:00,complete,CSKA 1948 Sofia,Hebar 1918,1.55,3.85,5.0,1.65,2.05,2.1,1.7,0,0
2024/2025,Bulgaria First League,2025-05-07,13:30:00,complete,Lokomotiv Sofia 1929,Botev Vratsa,1.65,3.7,4.75,2.09,1.72,2.0,1.74,3,0
2024/2025,Bulgaria First League,2025-05-09,11:45:00,complete,Arda,Ludogorets,2.98,3.2,2.12,2.05,1.67,1.83,1.8,1,1
2024/2025,Bulgaria First League,2025-05-09,14:15:00,complete,CSKA Sofia,Botev Plovdiv,1.33,4.4,8.0,1.76,2.05,1.9,1.7,3,0
2024/2025,Bulgaria First League,2025-05-10,09:00:00,complete,Slavia Sofia,Lokomotiv Sofia 1929,3.55,3.0,2.05,1.95,1.79,1.7,1.97,0,0
2024/2025,Bulgaria First League,2025-05-10,11:30:00,complete,Spartak Varna,Beroe,1.99,3.3,3.15,2.18,1.7,1.95,1.83,1,2
2024/2025,Bulgaria First League,2025-05-10,14:00:00,complete,Levski Sofia,Cherno More,1.68,3.4,4.9,2.15,1.67,2.0,1.75,2,0
2024/2025,Bulgaria First League,2025-05-11,09:30:00,complete,Hebar 1918,Lokomotiv Plovdiv,6.32,4.1,1.41,2.1,1.68,1.95,1.8,1,2
2024/2025,Bulgaria First League,2025-05-11,12:00:00,complete,Botev Vratsa,Levski Krumovgrad,1.7,3.25,4.75,2.25,1.6,2.0,1.7,1,0
2024/2025,Bulgaria First League,2025-05-11,14:30:00,complete,CSKA 1948 Sofia,Septemvri Sofia,1.52,4.15,5.0,1.72,2.1,1.8,1.91,2,0
2024/2025,Bulgaria First League,2025-05-13,11:45:00,complete,Cherno More,Ludogorets,3.3,3.0,2.25,2.5,1.5,2.01,1.67,2,0
2024/2025,Bulgaria First League,2025-05-13,14:15:00,complete,CSKA Sofia,Spartak Varna,1.24,6.75,10.0,1.32,3.09,1.76,1.78,5,0
2024/2025,Bulgaria First League,2025-05-14,09:15:00,complete,Lokomotiv Sofia 1929,CSKA 1948 Sofia,2.12,3.1,3.0,2.19,1.65,1.76,1.83,2,1
2024/2025,Bulgaria First League,2025-05-14,11:45:00,complete,Beroe,Botev Plovdiv,4.0,3.0,2.4,2.0,1.75,1.8,1.95,0,6
2024/2025,Bulgaria First League,2025-05-14,14:15:00,complete,Arda,Levski Sofia,2.93,3.01,2.42,2.35,1.57,2.01,1.77,0,3
2024/2025,Bulgaria First League,2025-05-15,09:15:00,complete,Levski Krumovgrad,Slavia Sofia,2.95,2.9,2.21,2.48,1.5,2.1,1.67,0,1
2024/2025,Bulgaria First League,2025-05-15,11:45:00,complete,Lokomotiv Plovdiv,Botev Vratsa,1.73,3.3,4.75,2.1,1.72,1.85,1.8,1,3
2024/2025,Bulgaria First League,2025-05-15,14:15:00,complete,Septemvri Sofia,Hebar 1918,1.39,4.6,6.75,1.53,2.4,1.7,2.1,1,0
2024/2025,Bulgaria First League,2025-05-17,11:30:00,complete,CSKA Sofia,Beroe,1.26,4.8,8.7,1.65,2.05,2.1,1.67,2,1
2024/2025,Bulgaria First League,2025-05-17,14:00:00,complete,Levski Sofia,Ludogorets,1.67,3.6,4.6,1.9,1.83,1.8,1.95,2,2
2024/2025,Bulgaria First League,2025-05-18,11:00:00,complete,Spartak Varna,Botev Plovdiv,3.64,3.5,1.79,1.7,1.95,1.64,2.12,2,1
2024/2025,Bulgaria First League,2025-05-18,13:30:00,complete,Arda,Cherno More,1.97,2.96,4.0,2.35,1.6,2.12,1.67,0,0
2024/2025,Bulgaria First League,2025-05-19,11:45:00,complete,CSKA 1948 Sofia,Levski Krumovgrad,1.33,4.2,6.0,1.83,1.98,1.9,1.75,2,0
2024/2025,Bulgaria First League,2025-05-19,14:15:00,complete,Slavia Sofia,Lokomotiv Plovdiv,5.6,3.06,2.0,2.05,1.7,1.77,1.85,1,2
2024/2025,Bulgaria First League,2025-05-20,11:45:00,complete,Hebar 1918,Botev Vratsa,7.0,4.0,1.44,1.85,1.8,2.2,1.67,1,0
2024/2025,Bulgaria First League,2025-05-20,14:15:00,complete,Septemvri Sofia,Lokomotiv Sofia 1929,7.5,3.35,1.83,2.3,1.57,1.7,2.03,0,2
2024/2025,Bulgaria First League,2025-05-25,14:45:00,complete,Levski Krumovgrad,Septemvri Sofia,1.44,3.95,6.0,1.82,1.95,1.95,1.8,1,2
2024/2025,Bulgaria First League,2025-05-25,14:45:00,complete,Lokomotiv Sofia 1929,Hebar 1918,1.61,4.15,4.34,1.62,2.07,1.71,2.05,3,0
2024/2025,Bulgaria First League,2025-05-25,14:45:00,complete,Lokomotiv Plovdiv,CSKA 1948 Sofia,1.86,3.3,3.4,1.78,2.0,1.67,2.15,0,1
2024/2025,Bulgaria First League,2025-05-25,14:45:00,complete,Botev Vratsa,Slavia Sofia,1.25,4.4,7.4,1.8,2.0,2.2,1.48,2,1
2024/2025,Bulgaria First League,2025-05-26,11:45:00,complete,Ludogorets,Arda,4.3,4.0,1.6,1.85,1.95,1.8,1.85,2,2
2024/2025,Bulgaria First League,2025-05-26,11:45:00,complete,Cherno More,Levski Sofia,1.85,3.1,3.65,2.25,1.6,1.95,1.87,0,0
2024/2025,Bulgaria First League,2025-05-26,14:45:00,complete,Botev Plovdiv,CSKA Sofia,2.12,3.11,3.06,1.76,1.94,1.65,2.08,0,4
2024/2025,Bulgaria First League,2025-05-26,14:45:00,complete,Beroe,Spartak Varna,1.72,3.47,4.0,1.76,1.94,1.78,1.93,3,1
2024/2025,Bulgaria First League,2025-05-31,12:30:00,complete,Arda,CSKA Sofia,5.8,3.85,1.51,2.0,1.8,2.1,1.67,1,1
2025/2026,Bulgaria First League,2025-07-18,13:00:00,complete,CSKA 1948 Sofia,Arda,2.06,3.1,3.0,2.15,1.61,1.97,1.84,1,0
2025/2026,Bulgaria First League,2025-07-18,15:15:00,complete,Lokomotiv Sofia 1929,Cherno More,3.85,3.05,1.95,2.2,1.62,2.02,1.75,1,1
2025/2026,Bulgaria First League,2025-07-19,14:00:00,complete,Ludogorets,Septemvri Sofia,1.2,6.4,13.0,1.47,2.45,2.25,1.6,5,0
2025/2026,Bulgaria First League,2025-07-19,16:00:00,complete,Botev Plovdiv,CSKA Sofia,5.3,3.95,1.6,1.8,2.0,1.94,1.86,1,1
2025/2026,Bulgaria First League,2025-07-20,13:00:00,complete,Slavia Sofia,Botev Vratsa,1.7,3.4,5.11,2.15,1.65,2.0,1.75,2,2
2025/2026,Bulgaria First League,2025-07-20,15:15:00,complete,Levski Sofia,Montana,1.19,5.75,9.7,1.85,1.98,2.76,1.42,5,0
2025/2026,Bulgaria First League,2025-07-21,13:00:00,complete,Lokomotiv Plovdiv,Dobrudzha 1919,1.81,3.5,4.3,2.15,1.73,2.02,1.73,1,0
2025/2026,Bulgaria First League,2025-07-21,15:15:00,complete,Spartak Varna,Beroe,3.0,3.25,2.11,1.85,1.85,1.69,2.1,0,0
2025/2026,Bulgaria First League,2025-07-25,14:30:00,complete,Botev Vratsa,Ludogorets,8.5,4.6,1.31,1.91,1.83,2.2,1.62,0,1
2025/2026,Bulgaria First League,2025-07-26,13:00:00,complete,Beroe,CSKA 1948 Sofia,3.25,3.05,2.1,2.28,1.62,1.95,1.75,1,1
2025/2026,Bulgaria First League,2025-07-26,15:15:00,complete,CSKA Sofia,Spartak Varna,1.09,8.5,17.0,1.48,2.63,2.61,1.45,1,1
2025/2026,Bulgaria First League,2025-07-27,13:45:00,complete,Cherno More,Botev Plovdiv,1.85,3.05,4.2,2.3,1.6,2.1,1.74,2,1
2025/2026,Bulgaria First League,2025-07-27,15:15:00,complete,Septemvri Sofia,Levski Sofia,12.5,5.5,1.24,1.73,2.02,2.43,1.48,1,2
2025/2026,Bulgaria First League,2025-07-27,16:00:00,complete,Arda,Lokomotiv Sofia 1929,2.2,2.95,3.35,2.47,1.55,2.0,1.73,1,1
2025/2026,Bulgaria First League,2025-07-28,13:00:00,complete,Dobrudzha 1919,Slavia Sofia,2.8,2.95,2.55,2.39,1.56,1.83,1.75,2,1
2025/2026,Bulgaria First League,2025-07-28,15:15:00,complete,Montana,Lokomotiv Plovdiv,3.97,3.2,1.95,2.2,1.6,2.12,1.74,1,1
2025/2026,Bulgaria First League,2025-08-01,13:00:00,complete,Spartak Varna,Botev Vratsa,2.4,3.0,2.9,2.25,1.65,1.82,1.83,1,1
2025/2026,Bulgaria First League,2025-08-01,15:15:00,complete,CSKA 1948 Sofia,Septemvri Sofia,1.43,4.3,7.34,1.8,1.95,1.95,1.85,2,1
2025/2026,Bulgaria First League,2025-08-02,13:00:00,complete,Lokomotiv Plovdiv,CSKA Sofia,5.0,3.89,1.51,2.14,1.75,2.1,1.7,1,0
2025/2026,Bulgaria First League,2025-08-02,15:15:00,complete,Ludogorets,Dobrudzha 1919,1.16,6.0,12.0,1.6,2.2,2.5,1.48,2,1
2025/2026,Bulgaria First League,2025-08-03,13:00:00,complete,Lokomotiv Sofia 1929,Montana,1.48,3.75,5.2,1.71,2.05,1.77,2.01,3,0
2025/2026,Bulgaria First League,2025-08-03,15:15:00,complete,Levski Sofia,Slavia Sofia,1.4,4.23,7.6,2.45,1.86,2.1,1.42,2,0
2025/2026,Bulgaria First League,2025-08-04,13:00:00,complete,Cherno More,Beroe,1.48,4.03,7.46,2.17,1.62,2.3,1.62,4,0
2025/2026,Bulgaria First League,2025-08-04,15:15:00,complete,Botev Plovdiv,Arda,1.77,3.55,4.89,2.05,1.73,1.91,1.8,0,5
2025/2026,Bulgaria First League,2025-08-08,13:00:00,complete,Dobrudzha 1919,CSKA 1948 Sofia,4.33,3.45,1.83,2.02,1.73,1.85,1.91,2,1
2025/2026,Bulgaria First League,2025-08-08,15:15:00,complete,Montana,Botev Vratsa,2.98,3.36,2.83,2.39,1.55,1.98,1.77,0,0
2025/2026,Bulgaria First League,2025-08-09,13:00:00,complete,CSKA Sofia,Cherno More,1.61,3.5,5.4,2.13,1.62,2.2,1.55,0,0
2025/2026,Bulgaria First League,2025-08-09,15:15:00,complete,Slavia Sofia,Ludogorets,5.3,3.4,1.65,2.09,1.62,2.0,1.75,0,3
2025/2026,Bulgaria First League,2025-08-10,13:00:00,complete,Levski Sofia,Spartak Varna,1.23,5.85,13.0,1.52,2.35,2.45,1.47,2,1
2025/2026,Bulgaria First League,2025-08-10,15:15:00,complete,Botev Plovdiv,Lokomotiv Sofia 1929,2.0,3.39,3.62,1.91,1.85,1.75,2.0,0,1
2025/2026,Bulgaria First League,2025-08-11,13:00:00,complete,Septemvri Sofia,Beroe,2.2,3.1,3.35,2.1,1.66,1.85,1.85,2,3
2025/2026,Bulgaria First League,2025-08-11,15:15:00,complete,Arda,Lokomotiv Plovdiv,2.05,3.0,3.7,2.55,1.5,2.0,1.67,0,0
2025/2026,Bulgaria First League,2025-08-15,13:00:00,complete,CSKA 1948 Sofia,Montana,1.24,5.65,11.0,1.7,2.2,2.35,1.5,2,1
2025/2026,Bulgaria First League,2025-08-15,15:15:00,complete,Lokomotiv Plovdiv,Slavia Sofia,1.91,3.4,3.35,2.21,1.64,1.91,1.79,2,1
2025/2026,Bulgaria First League,2025-08-16,13:00:00,complete,Spartak Varna,Cherno More,7.0,4.1,1.42,2.02,1.81,2.1,1.67,1,3
2025/2026,Bulgaria First League,2025-08-16,15:15:00,complete,Beroe,Botev Plovdiv,3.15,3.25,2.02,2.18,1.68,1.85,1.85,1,2
2025/2026,Bulgaria First League,2025-08-17,13:00:00,complete,Ludogorets,Lokomotiv Sofia 1929,1.25,4.6,14.5,1.85,1.83,2.1,1.73,0,0
2025/2026,Bulgaria First League,2025-08-17,15:15:00,complete,Botev Vratsa,Levski Sofia,7.12,3.45,1.54,2.5,1.62,2.45,1.5,0,0
2025/2026,Bulgaria First League,2025-08-18,13:00:00,complete,Septemvri Sofia,Dobrudzha 1919,2.68,3.25,2.55,2.09,1.71,1.85,1.85,2,1
2025/2026,Bulgaria First League,2025-08-22,14:30:00,complete,Lokomotiv Sofia 1929,Spartak Varna,1.45,4.1,6.5,1.8,1.95,2.0,1.73,0,0
2025/2026,Bulgaria First League,2025-08-23,12:00:00,incomplete,Slavia Sofia,Arda,2.62,2.9,2.5,2.25,1.61,2.0,1.73,0,0
2025/2026,Bulgaria First League,2025-08-23,13:00:00,complete,Montana,Septemvri Sofia,3.14,3.11,2.36,2.17,1.67,1.86,1.85,2,0
2025/2026,Bulgaria First League,2025-08-23,15:15:00,complete,Cherno More,Lokomotiv Plovdiv,1.55,3.63,6.0,2.17,1.66,2.2,1.6,1,1
2025/2026,Bulgaria First League,2025-08-24,11:45:00,complete,Dobrudzha 1919,Botev Vratsa,2.35,2.75,3.25,2.5,1.57,2.12,1.72,0,2
2025/2026,Bulgaria First League,2025-08-24,14:15:00,complete,CSKA Sofia,CSKA 1948 Sofia,1.6,3.9,4.85,1.9,1.78,1.95,1.75,0,1
2025/2026,Bulgaria First League,2025-08-25,13:00:00,complete,Slavia Sofia,Arda,2.45,3.15,2.68,2.0,1.62,1.85,1.85,2,0
2025/2026,Bulgaria First League,2025-08-29,11:30:00,complete,Montana,Dobrudzha 1919,2.66,2.94,2.48,2.35,1.6,1.95,1.75,1,0
2025/2026,Bulgaria First League,2025-08-29,13:45:00,complete,Botev Vratsa,Cherno More,4.65,3.05,1.83,2.6,1.48,2.23,1.58,1,0
2025/2026,Bulgaria First League,2025-08-29,16:00:00,complete,Septemvri Sofia,Lokomotiv Sofia 1929,4.33,3.4,1.78,2.25,1.61,2.11,1.72,1,0
2025/2026,Bulgaria First League,2025-08-30,13:00:00,complete,Spartak Varna,Lokomotiv Plovdiv,4.13,3.35,1.76,1.95,1.73,1.83,1.8,1,2
2025/2026,Bulgaria First League,2025-08-30,15:15:00,complete,Slavia Sofia,CSKA Sofia,6.33,3.8,1.5,1.91,1.92,2.0,1.7,2,2
2025/2026,Bulgaria First League,2025-08-31,11:00:00,complete,Arda,Beroe,1.77,3.68,5.95,2.33,1.62,2.05,1.65,2,2
2025/2026,Bulgaria First League,2025-08-31,13:15:00,complete,Levski Sofia,CSKA 1948 Sofia,1.76,3.35,4.4,2.21,1.6,2.03,1.72,2,1
2025/2026,Bulgaria First League,2025-08-31,15:30:00,complete,Ludogorets,Botev Plovdiv,1.33,4.6,9.5,1.7,2.1,2.08,1.67,2,1
2025/2026,Bulgaria First League,2025-09-01,14:00:00,incomplete,Arda,Beroe,1.56,3.55,5.6,0.0,0.0,0.0,0.0,0,0
2025/2026,Bulgaria First League,2025-09-12,11:30:00,complete,Beroe,Botev Vratsa,2.5,3.0,3.2,2.28,1.63,2.0,1.79,2,0
2025/2026,Bulgaria First League,2025-09-12,13:45:00,complete,Botev Plovdiv,Montana,1.35,4.4,8.5,1.83,1.85,2.0,1.62,0,1
2025/2026,Bulgaria First League,2025-09-13,11:45:00,complete,Spartak Varna,Arda,5.0,3.55,1.67,2.17,1.66,2.0,1.73,3,0
2025/2026,Bulgaria First League,2025-09-13,14:15:00,complete,CSKA Sofia,Septemvri Sofia,1.2,5.0,10.0,1.82,2.14,2.41,1.42,3,1
2025/2026,Bulgaria First League,2025-09-14,12:00:00,complete,Lokomotiv Plovdiv,Ludogorets,5.5,3.6,1.55,2.1,1.65,2.2,1.68,1,1
2025/2026,Bulgaria First League,2025-09-14,14:30:00,complete,Lokomotiv Sofia 1929,Levski Sofia,5.99,3.85,1.55,2.17,1.7,2.2,1.6,1,2
2025/2026,Bulgaria First League,2025-09-15,12:00:00,complete,CSKA 1948 Sofia,Slavia Sofia,1.66,3.84,4.8,1.91,2.01,1.73,2.0,3,1
2025/2026,Bulgaria First League,2025-09-15,14:30:00,complete,Cherno More,Dobrudzha 1919,1.4,0.0,6.25,1.86,1.93,2.18,1.68,2,0
2025/2026,Bulgaria First League,2025-09-18,11:30:00,complete,Arda,CSKA Sofia,4.2,3.58,1.72,2.15,1.7,1.91,1.8,1,0
2025/2026,Bulgaria First League,2025-09-19,11:45:00,complete,Montana,Spartak Varna,2.2,3.0,3.3,2.35,1.62,1.96,1.82,1,2
2025/2026,Bulgaria First League,2025-09-19,14:30:00,complete,Levski Sofia,Ludogorets,2.63,3.11,2.39,2.02,1.7,1.94,1.79,0,0
2025/2026,Bulgaria First League,2025-09-20,11:00:00,complete,Dobrudzha 1919,Lokomotiv Sofia 1929,3.05,3.2,2.15,2.05,1.71,1.9,1.85,2,2
2025/2026,Bulgaria First League,2025-09-20,13:30:00,complete,CSKA 1948 Sofia,Lokomotiv Plovdiv,1.96,3.16,3.4,1.89,1.81,1.79,1.9,4,0
2025/2026,Bulgaria First League,2025-09-21,11:45:00,complete,Septemvri Sofia,Botev Plovdiv,3.35,3.25,2.25,2.02,1.72,1.81,1.9,1,3
2025/2026,Bulgaria First League,2025-09-21,14:15:00,complete,Slavia Sofia,Beroe,1.72,3.6,4.2,2.0,1.82,1.8,1.85,0,0
2025/2026,Bulgaria First League,2025-09-22,12:00:00,complete,Arda,Cherno More,2.6,2.91,2.75,2.5,1.48,2.05,1.7,0,1
2025/2026,Bulgaria First League,2025-09-22,14:30:00,complete,Botev Vratsa,CSKA Sofia,7.0,3.45,1.53,2.35,1.55,2.25,1.57,1,1
2025/2026,Bulgaria First League,2025-09-25,11:30:00,complete,Botev Plovdiv,CSKA 1948 Sofia,2.83,3.1,2.26,2.3,1.62,1.72,2.09,1,2
2025/2026,Bulgaria First League,2025-09-26,14:00:00,complete,Lokomotiv Plovdiv,Levski Sofia,3.31,3.21,1.97,2.2,1.67,2.17,1.68,1,0
2025/2026,Bulgaria First League,2025-09-27,11:30:00,complete,Cherno More,Septemvri Sofia,1.3,4.89,9.2,1.8,2.02,2.0,1.62,1,1
2025/2026,Bulgaria First League,2025-09-27,14:00:00,complete,Lokomotiv Sofia 1929,CSKA Sofia,4.7,3.52,1.61,2.1,1.75,2.0,1.71,1,1
2025/2026,Bulgaria First League,2025-09-28,09:00:00,complete,Spartak Varna,Slavia Sofia,3.16,3.25,2.54,2.0,1.81,1.82,1.97,1,1
2025/2026,Bulgaria First League,2025-09-28,11:30:00,complete,Arda,Botev Vratsa,1.6,3.3,6.93,2.7,1.48,2.5,1.47,0,2
2025/2026,Bulgaria First League,2025-09-28,14:00:00,complete,Ludogorets,Montana,1.1,10.0,17.0,1.5,2.48,2.98,1.35,3,0
2025/2026,Bulgaria First League,2025-09-29,14:15:00,complete,Beroe,Dobrudzha 1919,2.1,3.35,3.35,2.1,1.7,1.85,1.87,1,0
2025/2026,Bulgaria First League,2025-09-30,11:30:00,complete,Botev Plovdiv,Levski Sofia,4.6,3.5,1.82,2.25,1.65,2.04,1.73,0,1
2025/2026,Bulgaria First League,2025-10-03,11:30:00,complete,Septemvri Sofia,Lokomotiv Plovdiv,3.71,3.15,1.95,2.17,1.62,2.0,1.77,2,2
2025/2026,Bulgaria First League,2025-10-03,13:45:00,complete,Slavia Sofia,Lokomotiv Sofia 1929,2.07,3.1,2.9,2.1,1.7,1.81,2.01,2,0
2025/2026,Bulgaria First League,2025-10-04,09:15:00,complete,CSKA 1948 Sofia,Spartak Varna,1.18,6.0,12.5,1.5,2.35,2.16,1.61,1,1
2025/2026,Bulgaria First League,2025-10-04,11:45:00,complete,Montana,Cherno More,4.75,3.4,1.72,2.24,1.57,1.95,1.66,1,3
2025/2026,Bulgaria First League,2025-10-04,14:15:00,complete,Levski Sofia,Beroe,1.16,6.15,12.0,1.69,2.15,2.4,1.5,3,1
2025/2026,Bulgaria First League,2025-10-05,09:00:00,complete,Dobrudzha 1919,Arda,3.5,3.16,2.0,2.24,1.65,1.92,1.79,0,2
2025/2026,Bulgaria First League,2025-10-05,11:30:00,complete,Botev Vratsa,Botev Plovdiv,2.8,2.83,2.44,2.35,1.6,1.95,1.7,1,2
2025/2026,Bulgaria First League,2025-10-05,14:15:00,complete,CSKA Sofia,Ludogorets,2.73,2.9,2.65,2.31,1.61,1.83,1.83,0,0
2025/2026,Bulgaria First League,2025-10-17,14:00:00,complete,Lokomotiv Plovdiv,Botev Vratsa,1.74,3.01,4.7,2.2,1.67,2.16,1.62,3,0
2025/2026,Bulgaria First League,2025-10-18,09:00:00,complete,Botev Plovdiv,Slavia Sofia,1.78,3.3,3.9,2.05,1.64,1.94,1.8,1,1
2025/2026,Bulgaria First League,2025-10-18,11:30:00,complete,Ludogorets,Spartak Varna,1.06,9.7,21.0,1.38,2.88,2.45,1.5,1,1
2025/2026,Bulgaria First League,2025-10-19,09:00:00,complete,Dobrudzha 1919,CSKA Sofia,7.99,4.2,1.36,2.01,1.8,2.3,1.53,0,1
2025/2026,Bulgaria First League,2025-10-19,11:30:00,complete,Cherno More,Levski Sofia,3.4,2.87,2.15,2.56,1.44,2.2,1.57,1,3
2025/2026,Bulgaria First League,2025-10-19,14:00:00,complete,Lokomotiv Sofia 1929,CSKA 1948 Sofia,3.6,3.0,2.0,2.12,1.67,1.9,1.78,0,1
2025/2026,Bulgaria First League,2025-10-20,11:30:00,complete,Arda,Septemvri Sofia,1.33,4.3,7.5,1.81,1.89,2.1,1.66,0,1
2025/2026,Bulgaria First League,2025-10-20,14:00:00,complete,Beroe,Montana,1.91,3.15,3.6,2.12,1.68,1.85,1.8,1,1
2025/2026,Bulgaria First League,2025-10-24,09:00:00,complete,Montana,Arda,3.4,3.0,2.15,2.46,1.55,2.15,1.7,1,1
2025/2026,Bulgaria First League,2025-10-24,11:30:00,complete,Spartak Varna,Botev Plovdiv,3.75,3.2,1.85,1.96,1.75,1.8,1.85,3,2
2025/2026,Bulgaria First League,2025-10-24,14:00:00,complete,Lokomotiv Sofia 1929,Lokomotiv Plovdiv,2.34,3.03,2.76,2.25,1.63,1.96,1.7,2,2
2025/2026,Bulgaria First League,2025-10-25,07:00:00,complete,Botev Vratsa,Septemvri Sofia,1.8,3.2,4.0,2.15,1.65,2.04,1.7,2,1
2025/2026,Bulgaria First League,2025-10-25,09:30:00,complete,Slavia Sofia,Cherno More,3.0,3.1,2.19,2.2,1.62,1.82,1.9,0,0
2025/2026,Bulgaria First League,2025-10-25,12:00:00,complete,Levski Sofia,Dobrudzha 1919,1.18,6.88,15.0,1.63,2.27,2.4,1.4,3,0
2025/2026,Bulgaria First League,2025-10-26,12:15:00,complete,CSKA Sofia,Beroe,1.16,5.5,11.0,1.7,2.09,2.15,1.52,5,1
2025/2026,Bulgaria First League,2025-10-27,12:30:00,complete,CSKA 1948 Sofia,Ludogorets,3.4,3.0,1.97,2.0,1.75,1.82,1.95,5,4
2025/2026,Bulgaria First League,2025-11-01,07:00:00,complete,Dobrudzha 1919,Spartak Varna,1.95,3.25,3.6,2.04,1.76,1.86,1.94,2,0
2025/2026,Bulgaria First League,2025-11-01,09:45:00,complete,Lokomotiv Plovdiv,Botev Plovdiv,1.93,3.25,3.5,2.15,1.67,1.91,1.81,1,1
2025/2026,Bulgaria First League,2025-11-01,12:30:00,complete,Septemvri Sofia,Slavia Sofia,3.5,3.39,2.1,1.96,1.77,1.73,1.91,0,1
2025/2026,Bulgaria First League,2025-11-02,07:45:00,complete,CSKA Sofia,Montana,1.15,5.9,12.0,1.68,2.1,2.8,1.37,3,1
2025/2026,Bulgaria First League,2025-11-02,10:15:00,complete,Arda,Levski Sofia,5.0,3.34,1.65,2.23,1.6,2.0,1.73,0,3
2025/2026,Bulgaria First League,2025-11-02,12:45:00,complete,Cherno More,Ludogorets,3.55,3.2,2.05,2.25,1.59,1.94,1.75,0,0
2025/2026,Bulgaria First League,2025-11-03,11:00:00,complete,Beroe,Lokomotiv Sofia 1929,2.97,3.09,2.18,2.2,1.67,1.83,1.91,1,3
2025/2026,Bulgaria First League,2025-11-03,13:15:00,complete,Botev Vratsa,CSKA 1948 Sofia,4.9,3.3,1.75,2.25,1.62,2.0,1.72,0,0
2025/2026,Bulgaria First League,2025-11-07,10:00:00,complete,Spartak Varna,Septemvri Sofia,2.3,3.3,2.8,1.93,1.83,1.71,2.02,1,4
2025/2026,Bulgaria First League,2025-11-07,12:30:00,complete,Botev Plovdiv,Dobrudzha 1919,1.61,3.88,5.0,1.91,1.87,1.8,1.79,2,1
2025/2026,Bulgaria First League,2025-11-08,07:00:00,complete,Lokomotiv Sofia 1929,Botev Vratsa,1.92,3.02,3.75,2.3,1.63,1.83,1.85,0,1
2025/2026,Bulgaria First League,2025-11-08,10:00:00,complete,Levski Sofia,CSKA Sofia,2.08,3.05,3.86,2.3,1.58,1.96,1.73,0,1
2025/2026,Bulgaria First League,2025-11-08,13:00:00,complete,Lokomotiv Plovdiv,Beroe,1.48,3.5,4.44,2.08,1.7,2.04,1.73,1,0
2025/2026,Bulgaria First League,2025-11-09,07:30:00,complete,Slavia Sofia,Montana,1.6,3.5,4.75,2.04,1.75,2.02,1.71,2,1
2025/2026,Bulgaria First League,2025-11-09,10:00:00,complete,CSKA 1948 Sofia,Cherno More,1.81,3.06,4.2,2.15,1.65,1.85,1.75,0,1
2025/2026,Bulgaria First League,2025-11-09,12:30:00,complete,Ludogorets,Arda,1.3,4.6,9.0,1.87,1.91,2.24,1.56,2,3
2025/2026,Bulgaria First League,2025-11-21,12:45:00,complete,Beroe,Spartak Varna,2.04,3.15,3.74,2.05,1.75,1.8,1.85,0,0
2025/2026,Bulgaria First League,2025-11-22,07:00:00,complete,Arda,CSKA 1948 Sofia,3.25,3.3,2.05,2.12,1.62,1.85,1.85,3,0
2025/2026,Bulgaria First League,2025-11-22,09:30:00,complete,Cherno More,Lokomotiv Sofia 1929,1.73,3.6,4.7,1.95,1.81,1.85,1.8,0,1
2025/2026,Bulgaria First League,2025-11-22,12:00:00,complete,CSKA Sofia,Botev Plovdiv,1.36,4.25,6.94,1.73,1.98,1.91,1.8,2,1
2025/2026,Bulgaria First League,2025-11-23,07:00:00,complete,Dobrudzha 1919,Lokomotiv Plovdiv,3.0,3.25,2.15,2.1,1.67,1.8,1.83,1,1
2025/2026,Bulgaria First League,2025-11-23,09:30:00,complete,Septemvri Sofia,Ludogorets,8.0,5.6,1.33,1.68,2.12,1.91,1.67,0,2
2025/2026,Bulgaria First League,2025-11-23,12:00:00,complete,Montana,Levski Sofia,11.0,4.7,1.3,1.89,1.86,2.43,1.48,1,5
2025/2026,Bulgaria First League,2025-11-24,12:30:00,complete,Botev Vratsa,Slavia Sofia,2.24,2.9,3.3,2.43,1.53,2.01,1.7,0,1
2025/2026,Bulgaria First League,2025-11-28,10:00:00,complete,Lokomotiv Sofia 1929,Arda,2.3,2.9,3.05,2.2,1.6,1.93,1.83,0,0
2025/2026,Bulgaria First League,2025-11-28,12:30:00,complete,Lokomotiv Plovdiv,Montana,1.46,3.75,6.5,2.1,1.68,2.11,1.68,0,0
2025/2026,Bulgaria First League,2025-11-29,08:00:00,complete,CSKA 1948 Sofia,Beroe,1.25,5.5,10.0,1.64,2.15,2.17,1.67,2,1
2025/2026,Bulgaria First League,2025-11-29,10:00:00,complete,Botev Plovdiv,Cherno More,2.75,3.08,2.37,2.1,1.73,1.8,1.91,2,1
2025/2026,Bulgaria First League,2025-11-29,12:30:00,complete,Spartak Varna,CSKA Sofia,6.8,4.6,1.36,1.7,2.05,2.07,1.73,0,4
2025/2026,Bulgaria First League,2025-11-30,07:30:00,complete,Slavia Sofia,Dobrudzha 1919,1.61,3.8,5.25,2.04,1.75,1.95,1.8,3,1
2025/2026,Bulgaria First League,2025-11-30,10:00:00,complete,Ludogorets,Botev Vratsa,1.2,5.5,12.0,1.76,2.0,2.46,1.48,2,0
2025/2026,Bulgaria First League,2025-11-30,12:30:00,complete,Levski Sofia,Septemvri Sofia,1.1,7.6,18.0,1.39,2.87,2.1,1.67,7,0
2025/2026,Bulgaria First League,2025-12-02,10:30:00,complete,Montana,Lokomotiv Sofia 1929,3.3,3.0,2.1,2.15,1.62,1.91,1.8,1,2
2025/2026,Bulgaria First League,2025-12-02,13:00:00,complete,Arda,Botev Plovdiv,2.12,2.95,3.8,2.7,1.44,2.18,1.61,0,0
2025/2026,Bulgaria First League,2025-12-03,08:00:00,complete,Septemvri Sofia,CSKA 1948 Sofia,5.4,4.1,1.46,1.76,2.02,1.75,1.97,1,4
2025/2026,Bulgaria First League,2025-12-03,10:30:00,complete,Beroe,Cherno More,4.25,3.3,1.71,2.09,1.7,1.93,1.76,1,2
2025/2026,Bulgaria First League,2025-12-03,13:00:00,complete,CSKA Sofia,Lokomotiv Plovdiv,1.48,3.75,6.0,1.96,1.8,1.98,1.74,2,1
2025/2026,Bulgaria First League,2025-12-04,08:00:00,complete,Dobrudzha 1919,Ludogorets,8.0,4.81,1.37,1.8,1.95,2.05,1.73,0,2
2025/2026,Bulgaria First League,2025-12-04,10:30:00,complete,Botev Vratsa,Spartak Varna,1.61,3.4,5.26,2.35,1.57,2.1,1.65,2,0
2025/2026,Bulgaria First League,2025-12-04,13:00:00,complete,Slavia Sofia,Levski Sofia,7.0,4.33,1.42,1.95,1.9,2.06,1.7,2,0
2025/2026,Bulgaria First League,2025-12-06,07:30:00,complete,Lokomotiv Sofia 1929,Botev Plovdiv,2.45,3.1,2.87,2.15,1.62,1.86,1.91,3,2
2025/2026,Bulgaria First League,2025-12-06,10:00:00,complete,Lokomotiv Plovdiv,Arda,2.45,2.8,2.8,2.6,1.5,2.11,1.67,0,2
2025/2026,Bulgaria First League,2025-12-06,12:30:00,complete,Cherno More,CSKA Sofia,4.33,3.0,1.79,2.29,1.62,2.05,1.66,2,0
2025/2026,Bulgaria First League,2025-12-07,09:30:00,complete,Beroe,Septemvri Sofia,2.2,3.26,2.9,2.1,1.73,1.84,1.94,0,0
2025/2026,Bulgaria First League,2025-12-07,12:00:00,complete,Spartak Varna,Levski Sofia,12.5,6.0,1.15,1.59,2.25,2.35,1.6,1,3
2025/2026,Bulgaria First League,2025-12-08,10:00:00,complete,CSKA 1948 Sofia,Dobrudzha 1919,1.23,6.0,11.0,1.62,2.25,2.07,1.75,0,0
2025/2026,Bulgaria First League,2025-12-08,12:30:00,complete,Ludogorets,Slavia Sofia,1.34,4.8,8.55,1.67,2.21,1.99,1.73,1,1
2025/2026,Bulgaria First League,2025-12-09,12:30:00,complete,Botev Vratsa,Montana,1.86,3.12,4.75,2.46,1.56,2.15,1.63,0,0
2025/2026,Bulgaria First League,2025-12-19,12:30:00,complete,Beroe,Ludogorets,12.0,6.0,1.32,1.55,2.1,2.1,1.69,0,4
2025/2026,Bulgaria First League,2026-02-06,10:15:00,complete,Montana,CSKA 1948 Sofia,5.0,3.58,1.57,2.06,1.75,2.0,1.75,0,1
2025/2026,Bulgaria First League,2026-02-06,12:45:00,complete,CSKA Sofia,Arda,1.61,3.2,5.25,2.18,1.5,2.25,1.57,3,1
2025/2026,Bulgaria First League,2026-02-07,07:30:00,complete,Cherno More,Spartak Varna,1.36,4.55,8.1,1.85,1.85,2.05,1.7,0,0
2025/2026,Bulgaria First League,2026-02-07,10:00:00,complete,Lokomotiv Sofia 1929,Ludogorets,6.5,4.0,1.44,1.85,1.85,1.95,1.75,1,3
2025/2026,Bulgaria First League,2026-02-07,12:30:00,complete,Levski Sofia,Botev Vratsa,1.14,7.06,16.43,1.83,2.04,2.61,1.44,3,1
2025/2026,Bulgaria First League,2026-02-08,07:00:00,complete,Dobrudzha 1919,Septemvri Sofia,1.91,3.2,3.97,1.98,1.7,1.83,1.85,3,0
2025/2026,Bulgaria First League,2026-02-08,09:15:00,complete,Slavia Sofia,Lokomotiv Plovdiv,2.45,2.85,2.6,2.4,1.56,1.91,1.8,0,2
2025/2026,Bulgaria First League,2026-02-08,11:45:00,complete,Botev Plovdiv,Beroe,1.53,3.72,6.62,2.05,1.77,2.05,1.73,0,0
2025/2026,Bulgaria First League,2026-02-13,12:45:00,complete,Spartak Varna,Lokomotiv Sofia 1929,3.7,3.2,1.85,2.15,1.74,1.85,1.83,2,2
2025/2026,Bulgaria First League,2026-02-14,09:45:00,complete,CSKA 1948 Sofia,CSKA Sofia,3.0,3.05,2.35,2.12,1.68,1.75,1.95,0,2
2025/2026,Bulgaria First League,2026-02-14,12:15:00,complete,Arda,Slavia Sofia,1.72,3.3,4.6,2.32,1.5,2.05,1.7,2,1
2025/2026,Bulgaria First League,2026-02-15,07:00:00,complete,Lokomotiv Plovdiv,Cherno More,2.95,2.95,2.4,2.5,1.44,1.99,1.79,1,1
2025/2026,Bulgaria First League,2026-02-15,09:30:00,complete,Ludogorets,Beroe,1.12,7.75,12.17,1.45,2.63,2.3,1.53,2,1
2025/2026,Bulgaria First League,2026-02-15,12:00:00,complete,Levski Sofia,Botev Plovdiv,1.27,5.0,8.31,1.67,2.19,2.0,1.83,3,0
2025/2026,Bulgaria First League,2026-02-16,10:00:00,complete,Septemvri Sofia,Montana,2.44,2.95,2.78,2.3,1.62,1.85,1.85,1,0
2025/2026,Bulgaria First League,2026-02-16,12:30:00,complete,Botev Vratsa,Dobrudzha 1919,2.05,2.96,3.35,2.5,1.44,2.2,1.6,0,0
2025/2026,Bulgaria First League,2026-02-20,12:45:00,complete,Cherno More,Botev Vratsa,1.5,3.6,6.96,2.25,1.57,2.25,1.57,0,0
2025/2026,Bulgaria First League,2026-02-21,07:30:00,complete,Dobrudzha 1919,Montana,1.8,3.1,4.09,2.25,1.57,2.1,1.7,1,0
2025/2026,Bulgaria First League,2026-02-21,10:00:00,complete,Lokomotiv Plovdiv,Spartak Varna,1.48,3.82,7.65,2.1,1.63,2.46,1.61,1,1
2025/2026,Bulgaria First League,2026-02-21,12:30:00,complete,CSKA Sofia,Slavia Sofia,1.32,4.45,7.0,1.85,1.95,2.22,1.59,1,0
2025/2026,Bulgaria First League,2026-02-22,09:15:00,complete,Beroe,Arda,4.44,3.25,1.88,2.27,1.5,2.0,1.67,0,0
2025/2026,Bulgaria First League,2026-02-22,11:45:00,complete,CSKA 1948 Sofia,Levski Sofia,3.45,3.22,2.11,1.94,1.8,1.85,1.88,1,3
2025/2026,Bulgaria First League,2026-02-23,13:00:00,complete,Botev Plovdiv,Ludogorets,7.3,4.55,1.35,1.94,1.84,2.0,1.8,2,1
2025/2026,Bulgaria First League,2026-02-27,07:45:00,complete,Arda,Spartak Varna,1.4,4.05,7.79,2.12,1.73,2.35,1.5,1,0
2025/2026,Bulgaria First League,2026-02-27,10:15:00,complete,Montana,Botev Plovdiv,3.73,3.16,2.08,2.25,1.61,1.94,1.75,0,0
2025/2026,Bulgaria First League,2026-02-27,12:45:00,complete,Slavia Sofia,CSKA 1948 Sofia,3.5,3.2,1.95,2.0,1.73,1.8,1.77,0,2
2025/2026,Bulgaria First League,2026-02-28,07:30:00,complete,Botev Vratsa,Beroe,1.73,3.2,5.02,2.31,1.57,2.1,1.61,0,0
2025/2026,Bulgaria First League,2026-02-28,10:00:00,complete,Dobrudzha 1919,Cherno More,3.9,3.1,1.9,2.2,1.66,1.91,1.75,2,1
2025/2026,Bulgaria First League,2026-02-28,12:30:00,complete,Septemvri Sofia,CSKA Sofia,8.6,4.9,1.32,1.75,1.91,2.27,1.6,2,0
2025/2026,Bulgaria First League,2026-03-01,12:15:00,complete,Levski Sofia,Lokomotiv Sofia 1929,1.28,5.0,8.0,1.67,2.14,2.05,1.75,4,3
2025/2026,Bulgaria First League,2026-03-02,13:00:00,complete,Ludogorets,Lokomotiv Plovdiv,1.39,4.35,7.1,1.74,1.95,1.95,1.65,1,1
2025/2026,Bulgaria First League,2026-03-03,08:30:00,complete,Spartak Varna,Montana,2.56,3.02,2.89,2.21,1.56,1.83,1.91,1,0
2025/2026,Bulgaria First League,2026-03-03,11:00:00,complete,Beroe,Slavia Sofia,2.85,2.92,2.5,2.15,1.62,1.85,1.85,0,3
2025/2026,Bulgaria First League,2026-03-03,13:30:00,complete,Botev Plovdiv,Septemvri Sofia,1.42,4.25,6.6,1.88,1.85,1.99,1.75,2,0
2025/2026,Bulgaria First League,2026-03-04,11:00:00,complete,Cherno More,Arda,2.25,2.9,3.0,2.61,1.53,2.0,1.73,0,0
2025/2026,Bulgaria First League,2026-03-04,13:30:00,complete,CSKA Sofia,Botev Vratsa,1.36,4.1,7.0,2.05,1.73,2.3,1.55,1,0
2025/2026,Bulgaria First League,2026-03-05,08:15:00,complete,Lokomotiv Sofia 1929,Dobrudzha 1919,1.7,3.64,4.77,1.97,1.68,1.95,1.73,3,1
2025/2026,Bulgaria First League,2026-03-05,10:45:00,complete,Lokomotiv Plovdiv,CSKA 1948 Sofia,3.2,2.9,2.25,2.25,1.63,1.9,1.75,0,5
2025/2026,Bulgaria First League,2026-03-05,13:30:00,complete,Ludogorets,Levski Sofia,2.15,3.11,3.82,2.05,1.75,1.74,1.98,1,0
2025/2026,Bulgaria First League,2026-03-06,13:00:00,complete,Slavia Sofia,Spartak Varna,1.61,3.6,4.6,1.95,1.83,1.85,1.8,4,0
2025/2026,Bulgaria First League,2026-03-07,10:00:00,complete,Septemvri Sofia,Cherno More,4.0,3.25,1.8,2.26,1.64,1.99,1.73,0,3
2025/2026,Bulgaria First League,2026-03-07,12:30:00,complete,Botev Vratsa,Arda,3.1,2.93,2.2,2.66,1.37,2.22,1.59,1,0
2025/2026,Bulgaria First League,2026-03-08,07:45:00,complete,Dobrudzha 1919,Beroe,1.86,3.25,4.1,2.3,1.61,1.89,1.73,1,0
2025/2026,Bulgaria First League,2026-03-08,10:15:00,complete,CSKA 1948 Sofia,Botev Plovdiv,1.65,3.5,4.6,1.9,1.86,1.83,1.87,0,0
2025/2026,Bulgaria First League,2026-03-08,12:45:00,complete,CSKA Sofia,Lokomotiv Sofia 1929,1.49,4.2,6.2,1.79,1.97,1.85,1.8,2,0
2025/2026,Bulgaria First League,2026-03-09,10:30:00,complete,Montana,Ludogorets,10.2,5.15,1.28,1.62,2.25,2.58,1.44,0,3
2025/2026,Bulgaria First League,2026-03-09,13:00:00,complete,Levski Sofia,Lokomotiv Plovdiv,1.27,4.6,8.0,1.94,1.9,2.2,1.6,1,0
2025/2026,Bulgaria First League,2026-03-13,11:45:00,complete,Lokomotiv Plovdiv,Septemvri Sofia,1.8,3.55,4.55,2.15,1.71,1.99,1.71,1,0
2025/2026,Bulgaria First League,2026-03-13,14:00:00,complete,Lokomotiv Sofia 1929,Slavia Sofia,1.9,3.45,3.65,1.97,1.69,1.88,1.86,1,1
2025/2026,Bulgaria First League,2026-03-14,07:45:00,complete,Spartak Varna,CSKA 1948 Sofia,5.88,3.75,1.55,1.95,1.85,1.94,1.75,1,2
2025/2026,Bulgaria First League,2026-03-14,10:15:00,complete,Botev Plovdiv,Botev Vratsa,1.77,3.45,4.4,2.15,1.58,1.97,1.75,1,3
2025/2026,Bulgaria First League,2026-03-14,12:45:00,complete,Ludogorets,CSKA Sofia,1.79,3.36,4.0,1.97,1.84,1.85,1.85,3,0
2025/2026,Bulgaria First League,2026-03-15,09:30:00,complete,Cherno More,Montana,1.4,4.0,7.0,2.12,1.75,2.3,1.64,1,0
2025/2026,Bulgaria First League,2026-03-15,12:00:00,complete,Beroe,Levski Sofia,7.5,4.6,1.3,1.85,1.91,2.2,1.57,0,1
2025/2026,Bulgaria First League,2026-03-16,13:00:00,complete,Arda,Dobrudzha 1919,1.75,3.1,5.1,2.18,1.5,2.2,1.61,2,0
2025/2026,Bulgaria First League,2026-03-17,13:00:00,complete,Lokomotiv Sofia 1929,Septemvri Sofia,1.61,3.4,4.2,2.0,1.73,2.05,1.73,3,0
2025/2026,Bulgaria First League,2026-03-19,13:00:00,complete,Spartak Varna,Ludogorets,11.6,5.55,1.24,1.62,2.25,2.0,1.75,1,5
2025/2026,Bulgaria First League,2026-03-20,13:00:00,complete,Slavia Sofia,Botev Plovdiv,2.34,3.1,2.7,1.85,1.85,1.68,2.05,0,1
2025/2026,Bulgaria First League,2026-03-21,07:30:00,complete,Septemvri Sofia,Arda,4.33,3.2,1.8,2.25,1.6,1.95,1.75,1,4
2025/2026,Bulgaria First League,2026-03-21,10:00:00,complete,CSKA 1948 Sofia,Lokomotiv Sofia 1929,1.67,3.6,4.2,1.82,1.94,1.7,1.99,3,2
2025/2026,Bulgaria First League,2026-03-21,12:30:00,complete,Levski Sofia,Cherno More,1.39,3.95,8.75,2.01,1.77,2.3,1.5,2,1
2025/2026,Bulgaria First League,2026-03-22,07:30:00,complete,Montana,Beroe,1.95,3.05,3.5,2.2,1.6,1.95,1.74,0,1
2025/2026,Bulgaria First League,2026-03-22,10:00:00,complete,CSKA Sofia,Dobrudzha 1919,1.23,5.25,9.5,1.7,2.05,2.3,1.57,2,0
2025/2026,Bulgaria First League,2026-03-22,12:30:00,complete,Botev Vratsa,Lokomotiv Plovdiv,2.24,3.05,3.07,2.56,1.5,2.1,1.7,1,2
2025/2026,Bulgaria First League,2026-04-03,13:45:00,complete,Lokomotiv Plovdiv,Lokomotiv Sofia 1929,2.2,3.05,3.0,2.25,1.62,1.85,1.85,1,0
2025/2026,Bulgaria First League,2026-04-04,08:30:00,complete,Arda,Montana,1.46,3.95,8.08,2.06,1.72,2.51,1.6,2,1
2025/2026,Bulgaria First League,2026-04-04,11:00:00,complete,Botev Plovdiv,Spartak Varna,1.31,4.14,9.8,1.85,1.95,2.15,1.57,5,0
2025/2026,Bulgaria First League,2026-04-04,13:30:00,complete,Beroe,CSKA Sofia,10.0,4.75,1.36,2.05,1.7,2.43,1.5,0,3
2025/2026,Bulgaria First League,2026-04-05,08:30:00,complete,Cherno More,Slavia Sofia,1.6,3.48,4.97,2.1,1.68,2.05,1.67,1,3
2025/2026,Bulgaria First League,2026-04-05,11:00:00,complete,Dobrudzha 1919,Levski Sofia,9.9,4.0,1.43,2.05,1.69,2.35,1.51,2,2
2025/2026,Bulgaria First League,2026-04-05,13:30:00,complete,Ludogorets,CSKA 1948 Sofia,1.43,4.2,5.5,1.7,2.06,1.83,1.82,3,0
2025/2026,Bulgaria First League,2026-04-06,11:00:00,complete,Septemvri Sofia,Botev Vratsa,2.9,2.95,2.4,2.48,1.55,1.99,1.73,0,0
2025/2026,Bulgaria First League,2026-04-08,12:00:00,complete,Montana,CSKA Sofia,8.75,5.1,1.28,1.88,1.88,2.3,1.49,0,1
2025/2026,Bulgaria First League,2026-04-08,14:30:00,complete,Botev Plovdiv,Lokomotiv Plovdiv,2.05,3.35,3.55,2.05,1.74,1.83,1.85,1,1
2025/2026,Bulgaria First League,2026-04-09,09:30:00,complete,Lokomotiv Sofia 1929,Beroe,1.55,3.92,5.52,1.76,2.01,1.8,1.88,2,1
2025/2026,Bulgaria First League,2026-04-09,12:00:00,complete,Ludogorets,Cherno More,1.33,4.6,7.5,1.85,1.96,2.22,1.57,0,0
2025/2026,Bulgaria First League,2026-04-09,14:30:00,complete,Levski Sofia,Arda,1.44,3.8,8.8,2.17,1.68,2.3,1.49,1,0
2025/2026,Bulgaria First League,2026-04-10,07:00:00,complete,Spartak Varna,Dobrudzha 1919,3.0,3.1,2.2,2.23,1.61,1.91,1.79,1,0
2025/2026,Bulgaria First League,2026-04-10,09:30:00,complete,CSKA 1948 Sofia,Botev Vratsa,1.63,3.72,5.27,2.02,1.78,1.91,1.74,1,0
2025/2026,Bulgaria First League,2026-04-10,12:00:00,complete,Slavia Sofia,Septemvri Sofia,1.73,3.3,4.2,1.95,1.81,1.83,1.8,1,2
2025/2026,Bulgaria First League,2026-04-13,10:00:00,complete,CSKA Sofia,Levski Sofia,2.97,2.9,2.77,2.35,1.53,1.93,1.83,1,1
2025/2026,Bulgaria First League,2026-04-13,13:00:00,complete,Beroe,Lokomotiv Plovdiv,3.2,3.2,2.11,2.11,1.7,1.85,1.8,0,0
2025/2026,Bulgaria First League,2026-04-14,12:00:00,complete,Botev Vratsa,Lokomotiv Sofia 1929,2.93,3.25,2.35,2.2,1.66,1.85,1.85,3,2
2025/2026,Bulgaria First League,2026-04-14,14:30:00,complete,Dobrudzha 1919,Botev Plovdiv,2.9,3.27,2.27,1.98,1.8,1.78,1.83,0,3
2025/2026,Bulgaria First League,2026-04-15,12:00:00,complete,Cherno More,CSKA 1948 Sofia,2.55,2.8,2.75,2.32,1.44,2.1,2.0,0,4
2025/2026,Bulgaria First League,2026-04-15,14:30:00,complete,Arda,Ludogorets,5.75,3.64,1.55,2.38,1.55,2.35,1.51,1,0
2025/2026,Bulgaria First League,2026-04-16,11:00:00,complete,Septemvri Sofia,Spartak Varna,1.95,3.25,3.55,2.0,1.7,1.83,1.85,0,0
2025/2026,Bulgaria First League,2026-04-16,13:30:00,complete,Montana,Slavia Sofia,3.2,3.0,2.25,2.2,1.57,1.85,1.77,0,0
2025/2026,Bulgaria First League,2026-04-24,13:30:00,complete,Spartak Varna,Beroe,2.22,3.2,2.87,2.04,1.58,1.78,1.95,1,2
2025/2026,Bulgaria First League,2026-04-25,07:15:00,complete,Ludogorets,CSKA 1948 Sofia,1.57,3.85,4.8,1.7,2.06,1.83,1.97,1,2
2025/2026,Bulgaria First League,2026-04-25,10:00:00,complete,CSKA Sofia,Levski Sofia,2.45,2.95,2.69,2.35,1.44,2.05,1.7,1,3
2025/2026,Bulgaria First League,2026-04-26,08:00:00,complete,Slavia Sofia,Botev Vratsa,2.55,3.15,2.4,2.05,1.75,1.83,1.82,1,1
2025/2026,Bulgaria First League,2026-04-26,10:30:00,complete,Lokomotiv Plovdiv,Cherno More,2.35,2.85,3.25,2.5,1.46,2.0,1.75,0,1
2025/2026,Bulgaria First League,2026-04-26,13:00:00,complete,Arda,Botev Plovdiv,2.25,3.0,2.9,2.23,1.57,1.91,1.8,0,2
2025/2026,Bulgaria First League,2026-04-27,11:30:00,complete,Montana,Dobrudzha 1919,3.04,2.9,2.4,2.35,1.5,2.0,1.75,1,0
2025/2026,Bulgaria First League,2026-04-27,14:00:00,complete,Lokomotiv Sofia 1929,Septemvri Sofia,2.2,3.25,2.8,1.89,1.8,1.73,2.05,1,1
2025/2026,Bulgaria First League,2026-05-01,11:30:00,complete,Septemvri Sofia,Montana,1.67,3.3,4.6,2.31,1.61,2.1,1.75,1,1
2025/2026,Bulgaria First League,2026-05-01,14:00:00,complete,Dobrudzha 1919,Lokomotiv Sofia 1929,2.3,3.1,2.7,2.15,1.7,1.8,1.9,0,3
2025/2026,Bulgaria First League,2026-05-02,08:00:00,complete,Beroe,Slavia Sofia,1.95,3.4,3.3,1.81,1.96,1.67,2.13,3,0
2025/2026,Bulgaria First League,2026-05-02,10:30:00,complete,Botev Vratsa,Spartak Varna,1.67,3.6,4.33,1.86,1.89,1.8,1.88,2,1
2025/2026,Bulgaria First League,2026-05-02,13:00:00,complete,Levski Sofia,CSKA 1948 Sofia,1.66,3.65,5.06,1.8,1.99,1.83,1.87,1,0
2025/2026,Bulgaria First League,2026-05-03,07:30:00,complete,Arda,Cherno More,2.05,2.9,3.5,2.6,1.47,2.1,1.55,0,0
2025/2026,Bulgaria First League,2026-05-03,10:15:00,complete,Botev Plovdiv,Lokomotiv Plovdiv,1.85,3.3,3.55,1.8,1.88,1.67,1.89,0,2
2025/2026,Bulgaria First League,2026-05-03,13:00:00,complete,CSKA Sofia,Ludogorets,2.43,3.04,2.75,2.25,1.64,1.85,1.85,1,0
2025/2026,Bulgaria First League,2026-05-05,11:30:00,complete,Beroe,Montana,1.75,3.3,4.2,2.15,1.62,1.95,1.73,2,2
2025/2026,Bulgaria First League,2026-05-05,14:00:00,complete,Lokomotiv Sofia 1929,Botev Vratsa,1.67,3.5,4.33,1.85,1.85,1.75,1.95,2,2
2025/2026,Bulgaria First League,2026-05-06,11:30:00,complete,Slavia Sofia,Septemvri Sofia,2.9,3.3,2.1,1.75,2.05,1.6,2.2,2,1
2025/2026,Bulgaria First League,2026-05-06,14:00:00,complete,Spartak Varna,Dobrudzha 1919,3.18,2.9,2.35,2.63,1.44,2.05,1.67,1,1
2025/2026,Bulgaria First League,2026-05-08,11:30:00,complete,Lokomotiv Plovdiv,Arda,2.5,3.0,2.5,2.27,1.62,1.85,1.8,2,0
2025/2026,Bulgaria First League,2026-05-08,14:00:00,complete,CSKA 1948 Sofia,CSKA Sofia,2.85,2.9,2.28,2.05,1.7,1.79,1.95,0,1
2025/2026,Bulgaria First League,2026-05-09,07:45:00,complete,Montana,Lokomotiv Sofia 1929,3.27,3.78,1.97,1.8,1.85,1.67,2.05,2,2
2025/2026,Bulgaria First League,2026-05-09,10:15:00,complete,Cherno More,Botev Plovdiv,2.2,3.0,2.8,2.15,1.66,1.85,1.85,2,0
2025/2026,Bulgaria First League,2026-05-09,12:45:00,complete,Levski Sofia,Ludogorets,2.05,2.95,3.25,2.05,1.72,1.85,1.9,0,1
2025/2026,Bulgaria First League,2026-05-10,08:15:00,complete,Spartak Varna,Slavia Sofia,1.8,3.6,3.61,1.84,1.85,1.65,2.05,2,1
2025/2026,Bulgaria First League,2026-05-10,10:45:00,complete,Botev Vratsa,Septemvri Sofia,2.1,3.6,3.1,2.16,1.67,1.75,1.83,1,1
2025/2026,Bulgaria First League,2026-05-10,13:15:00,complete,Dobrudzha 1919,Beroe,1.61,3.3,4.5,2.05,1.7,2.0,1.7,0,1
2025/2026,Bulgaria First League,2026-05-12,11:45:00,complete,Cherno More,Lokomotiv Plovdiv,1.95,3.01,3.12,2.3,1.53,1.95,1.75,2,0
2025/2026,Bulgaria First League,2026-05-12,14:15:00,complete,Botev Plovdiv,Arda,2.2,2.8,2.75,2.0,1.73,1.75,1.95,1,2
2025/2026,Bulgaria First League,2026-05-13,09:15:00,complete,Slavia Sofia,Dobrudzha 1919,2.67,3.42,2.43,1.95,1.75,1.75,1.95,0,2
2025/2026,Bulgaria First League,2026-05-13,11:45:00,complete,CSKA Sofia,CSKA 1948 Sofia,2.0,3.1,3.4,2.23,1.65,1.85,1.85,1,1
2025/2026,Bulgaria First League,2026-05-13,14:15:00,complete,Ludogorets,Levski Sofia,1.73,3.4,3.1,2.0,1.8,1.85,1.83,1,1
2025/2026,Bulgaria First League,2026-05-14,09:15:00,complete,Septemvri Sofia,Spartak Varna,1.9,3.25,3.6,1.86,1.9,1.73,2.0,1,0
2025/2026,Bulgaria First League,2026-05-14,11:45:00,complete,Botev Vratsa,Montana,1.73,3.4,4.2,2.0,1.85,1.77,1.85,1,0
2025/2026,Bulgaria First League,2026-05-14,14:15:00,complete,Lokomotiv Sofia 1929,Beroe,1.85,3.4,3.5,1.8,1.91,1.67,2.0,1,1
2025/2026,Bulgaria First League,2026-05-16,10:00:00,complete,CSKA 1948 Sofia,Ludogorets,3.23,3.35,2.11,1.92,1.76,1.71,1.95,1,0
2025/2026,Bulgaria First League,2026-05-16,10:00:00,complete,Levski Sofia,CSKA Sofia,1.98,3.2,3.78,2.3,1.54,2.0,1.67,2,0
2025/2026,Bulgaria First League,2026-05-16,13:00:00,complete,Arda,Lokomotiv Plovdiv,1.15,5.75,15.0,1.72,2.29,2.38,1.44,4,0
2025/2026,Bulgaria First League,2026-05-16,13:00:00,complete,Botev Plovdiv,Cherno More,2.72,3.15,2.31,2.21,1.63,1.87,1.83,5,0
2025/2026,Bulgaria First League,2026-05-18,13:30:00,complete,Montana,Spartak Varna,6.2,5.25,1.23,1.62,2.08,2.1,1.65,0,2
2025/2026,Bulgaria First League,2026-05-18,13:30:00,complete,Lokomotiv Sofia 1929,Slavia Sofia,1.5,3.62,4.3,1.62,2.32,1.65,2.2,2,0
2025/2026,Bulgaria First League,2026-05-18,13:30:00,complete,Dobrudzha 1919,Botev Vratsa,1.91,3.15,4.06,2.33,1.57,2.1,1.65,1,2
2025/2026,Bulgaria First League,2026-05-18,13:30:00,complete,Beroe,Septemvri Sofia,2.46,3.0,3.14,2.16,1.66,1.84,1.85,0,1
2025/2026,Bulgaria First League,2026-05-22,09:30:00,complete,Slavia Sofia,Montana,1.63,3.7,4.37,1.8,1.91,1.8,1.91,2,0
2025/2026,Bulgaria First League,2026-05-22,12:00:00,complete,Spartak Varna,Lokomotiv Sofia 1929,1.9,3.4,3.5,1.7,2.05,1.7,2.0,3,0
2025/2026,Bulgaria First League,2026-05-22,12:00:00,complete,Septemvri Sofia,Dobrudzha 1919,1.25,4.95,7.0,1.84,1.84,2.2,1.53,1,1
2025/2026,Bulgaria First League,2026-05-22,12:00:00,complete,Botev Vratsa,Beroe,2.4,3.0,2.7,2.05,1.7,1.84,1.88,3,0
2025/2026,Bulgaria First League,2026-05-25,11:45:00,complete,Cherno More,Arda,2.43,3.0,2.69,2.15,1.67,1.83,1.85,2,3
2025/2026,Bulgaria First League,2026-05-25,11:45:00,complete,Lokomotiv Plovdiv,Botev Plovdiv,2.55,3.22,1.98,1.85,1.9,1.67,2.05,2,1
2025/2026,Bulgaria First League,2026-05-25,14:30:00,complete,Ludogorets,CSKA Sofia,1.6,3.55,5.1,1.8,1.97,1.73,1.96,1,0
2025/2026,Bulgaria First League,2026-05-25,14:30:00,complete,CSKA 1948 Sofia,Levski Sofia,2.25,2.6,3.1,2.2,1.65,1.91,1.86,0,0
2025/2026,Bulgaria First League,2026-05-28,11:00:00,complete,Septemvri Sofia,Yantra 2019,1.57,3.4,5.3,2.2,1.62,2.2,1.55,2,1
2025/2026,Bulgaria First League,2026-05-29,13:00:00,complete,Ludogorets,Lokomotiv Plovdiv,1.58,3.82,5.58,1.92,1.9,1.8,1.91,0,0
